AVGACURATE,LIGHTVEH,AVGSPEED,LONGVEH,REC_TIME,HUGEVEH,MIDVEH,AVGHEADDIST,MINIVEH,AVGFLOW
8.1,1141,75,2126,"20-11月-17 12.00.00.000000000 上午",814,1434,0,5283,10798
9.4,870,56.9,2089,"21-11月-17 12.00.00.000000000 上午",735,1127,0,3761,8582
9.8,1568,79.4,2638,"22-11月-17 12.00.00.000000000 上午",1068,1892,0,8000,15166
5.3,1153,81.8,1377,"23-11月-17 12.00.00.000000000 上午",636,1272,0,5840,10278
4.3,858,74.8,1132,"24-11月-17 12.00.00.000000000 上午",515,962,0,3886,7353
2.8,437,52.7,788,"25-11月-17 12.00.00.000000000 上午",343,567,0,1738,3873
3.1,538,59,926,"26-11月-17 12.00.00.000000000 上午",440,684,0,2056,4644
1.8,296,32.5,496,"27-11月-17 12.00.00.000000000 上午",223,319,0,829,2163
1.3,118,16.8,309,"28-11月-17 12.00.00.000000000 上午",96,178,0,395,1096
0.8,114,12.6,222,"29-11月-17 12.00.00.000000000 上午",83,131,0,303,853
2.1,215,24.1,490,"30-11月-17 12.00.00.000000000 上午",173,291,0,763,1932
5.5,1038,80,1491,"01-12月-17 12.00.00.000000000 上午",608,1210,0,4576,8923
4.5,637,49.9,1209,"02-12月-17 12.00.00.000000000 上午",423,742,0,2770,5781
4,240,30.9,523,"03-12月-17 12.00.00.000000000 上午",144,267,0,985,2159
3.4,418,49.9,832,"04-12月-17 12.00.00.000000000 上午",308,497,0,1919,3974
3.1,243,37.4,734,"05-12月-17 12.00.00.000000000 上午",242,290,0,1139,2648
0,1,3.4,2,"06-12月-17 12.00.00.000000000 上午",0,0,0,13,16
0.2,1,3.4,11,"07-12月-17 12.00.00.000000000 上午",5,4,0,5,26
2.8,600,72.4,640,"08-12月-17 12.00.00.000000000 上午",330,652,0,3494,5716
2.3,294,34.9,623,"09-12月-17 12.00.00.000000000 上午",220,360,0,928,2425
1.4,157,24,407,"10-12月-17 12.00.00.000000000 上午",130,207,0,417,1318
1.4,189,25.7,397,"11-12月-17 12.00.00.000000000 上午",141,245,0,517,1489
1.4,115,30.4,252,"12-12月-17 12.00.00.000000000 上午",89,154,0,337,947
1.1,118,24.2,321,"13-12月-17 12.00.00.000000000 上午",114,176,0,296,1025
1.7,180,27.5,438,"14-12月-17 12.00.00.000000000 上午",172,239,0,562,1591
1.8,211,30.4,421,"15-12月-17 12.00.00.000000000 上午",165,252,0,529,1578
3.4,838,87.8,760,"16-12月-17 12.00.00.000000000 上午",392,844,0,4810,7644
2.3,596,89,514,"17-12月-17 12.00.00.000000000 上午",277,645,0,3776,5808
2,505,65.6,483,"18-12月-17 12.00.00.000000000 上午",247,506,0,2292,4033
2.1,542,81.3,506,"19-12月-17 12.00.00.000000000 上午",256,512,0,3076,4892
1.9,495,68.1,452,"20-12月-17 12.00.00.000000000 上午",261,543,0,2595,4346
1.8,215,30.6,525,"21-12月-17 12.00.00.000000000 上午",172,312,0,607,1831
0.8,104,18.6,219,"22-12月-17 12.00.00.000000000 上午",97,124,0,412,956
0.4,84,8.9,93,"23-12月-17 12.00.00.000000000 上午",41,64,0,167,449
1.2,266,39.7,298,"24-12月-17 12.00.00.000000000 上午",166,264,0,1602,2596
1.8,256,35.4,495,"25-12月-17 12.00.00.000000000 上午",206,313,0,682,1952
1.1,128,20,282,"26-12月-17 12.00.00.000000000 上午",104,163,0,404,1081
1.3,170,22.2,340,"27-12月-17 12.00.00.000000000 上午",120,185,0,500,1315
0.7,80,16.3,206,"28-12月-17 12.00.00.000000000 上午",71,120,0,162,639
1.3,204,34.4,333,"29-12月-17 12.00.00.000000000 上午",154,248,0,785,1724
2.4,390,46,689,"30-12月-17 12.00.00.000000000 上午",274,497,0,1354,3204
2.2,467,60.4,577,"31-12月-17 12.00.00.000000000 上午",267,549,0,2309,4169
2.1,200,20.9,497,"01-1月 -18 12.00.00.000000000 上午",161,266,0,626,1750
1.3,147,21,334,"02-1月 -18 12.00.00.000000000 上午",141,200,0,402,1224
1.2,168,22,296,"03-1月 -18 12.00.00.000000000 上午",131,196,0,678,1469
0.9,126,23.8,266,"04-1月 -18 12.00.00.000000000 上午",94,178,0,504,1168
1.8,241,29.9,521,"05-1月 -18 12.00.00.000000000 上午",183,296,0,617,1858
1.2,112,21.2,315,"06-1月 -18 12.00.00.000000000 上午",93,155,0,274,949
1.3,180,27.3,367,"07-1月 -18 12.00.00.000000000 上午",153,202,0,447,1349
2.2,567,59.1,515,"08-1月 -18 12.00.00.000000000 上午",246,598,0,3439,5365
2.9,628,76.4,719,"09-1月 -18 12.00.00.000000000 上午",338,747,0,3349,5781
1.7,363,56.9,478,"10-1月 -18 12.00.00.000000000 上午",203,418,0,1664,3126
2.3,449,50.7,572,"11-1月 -18 12.00.00.000000000 上午",242,482,0,2389,4134
1.8,339,40.3,447,"12-1月 -18 12.00.00.000000000 上午",171,397,0,1811,3165
2.2,255,27.8,414,"13-1月 -18 12.00.00.000000000 上午",159,265,0,1075,2168
1.4,142,17.4,385,"14-1月 -18 12.00.00.000000000 上午",135,210,0,543,1415
1.6,198,19.6,410,"15-1月 -18 12.00.00.000000000 上午",142,246,0,575,1571
1.1,150,19.8,286,"16-1月 -18 12.00.00.000000000 上午",125,185,0,487,1233
0.6,93,10.4,141,"17-1月 -18 12.00.00.000000000 上午",64,109,0,297,704
1,148,16.9,244,"18-1月 -18 12.00.00.000000000 上午",88,174,0,410,1064
2.2,93,12.8,286,"19-1月 -18 12.00.00.000000000 上午",78,120,0,370,947
2.2,218,26,444,"20-1月 -18 12.00.00.000000000 上午",157,280,0,672,1771
1.7,269,29.9,448,"21-1月 -18 12.00.00.000000000 上午",161,321,0,1048,2247
0.5,79,9.7,147,"22-1月 -18 12.00.00.000000000 上午",69,89,0,223,607
1.2,197,24,301,"23-1月 -18 12.00.00.000000000 上午",136,264,0,610,1508
2.8,524,55.4,751,"24-1月 -18 12.00.00.000000000 上午",290,572,0,2257,4394
1.8,254,33.2,524,"25-1月 -18 12.00.00.000000000 上午",179,327,0,831,2115
2.1,311,35,595,"26-1月 -18 12.00.00.000000000 上午",218,431,0,909,2464
2.8,241,36.2,720,"27-1月 -18 12.00.00.000000000 上午",173,315,0,782,2231
3.5,678,60,949,"28-1月 -18 12.00.00.000000000 上午",394,757,0,3057,5835
3,662,60.2,744,"29-1月 -18 12.00.00.000000000 上午",367,700,0,3423,5896
4.2,588,58.7,1054,"30-1月 -18 12.00.00.000000000 上午",433,802,0,2417,5294
2,397,45.8,414,"31-1月 -18 12.00.00.000000000 上午",223,407,0,2459,3900
3,489,57.7,734,"01-2月 -18 12.00.00.000000000 上午",319,629,0,2385,4556
3,603,67.8,793,"02-2月 -18 12.00.00.000000000 上午",356,626,0,3419,5797
1.5,341,45.5,312,"03-2月 -18 12.00.00.000000000 上午",190,384,0,2045,3272
1.3,274,27.3,309,"04-2月 -18 12.00.00.000000000 上午",168,300,0,1351,2402
1.4,337,40.1,303,"05-2月 -18 12.00.00.000000000 上午",166,362,0,2086,3254
1.9,355,29.2,551,"06-2月 -18 12.00.00.000000000 上午",245,366,0,1197,2714
2.1,255,27.8,474,"07-2月 -18 12.00.00.000000000 上午",161,300,0,704,1894
2.1,246,27.2,508,"08-2月 -18 12.00.00.000000000 上午",209,287,0,967,2217
1,139,23.9,279,"09-2月 -18 12.00.00.000000000 上午",116,175,0,481,1190
2.3,331,40,630,"10-2月 -18 12.00.00.000000000 上午",242,431,0,1261,2895
5.3,880,64.3,1364,"11-2月 -18 12.00.00.000000000 上午",593,972,0,3666,7475
3,484,48.7,862,"12-2月 -18 12.00.00.000000000 上午",313,594,0,2169,4422
0.5,60,10.9,140,"13-2月 -18 12.00.00.000000000 上午",69,104,0,253,626
1.2,118,13.5,258,"14-2月 -18 12.00.00.000000000 上午",73,144,0,520,1113
0.9,143,16.7,204,"15-2月 -18 12.00.00.000000000 上午",68,156,0,525,1096
0.4,0,1,19,"16-2月 -18 12.00.00.000000000 上午",2,4,0,11,36
4.2,423,45.2,682,"17-2月 -18 12.00.00.000000000 上午",294,496,0,1860,3755
0.9,115,22.9,264,"18-2月 -18 12.00.00.000000000 上午",110,170,0,298,957
1,139,19,252,"19-2月 -18 12.00.00.000000000 上午",86,173,0,488,1138
1.3,95,12.4,234,"20-2月 -18 12.00.00.000000000 上午",93,125,0,265,812
2.2,123,19.3,396,"21-2月 -18 12.00.00.000000000 上午",121,185,0,474,1299
4.2,529,44.3,844,"22-2月 -18 12.00.00.000000000 上午",325,546,0,2059,4303
2.6,303,37.9,670,"23-2月 -18 12.00.00.000000000 上午",233,355,0,1070,2631
2.5,251,26.6,499,"24-2月 -18 12.00.00.000000000 上午",170,311,0,1074,2305
4.3,589,44,1052,"25-2月 -18 12.00.00.000000000 上午",426,697,0,2456,5220
3.9,457,44.7,897,"26-2月 -18 12.00.00.000000000 上午",284,545,0,1727,3910
2.2,187,17.9,482,"27-2月 -18 12.00.00.000000000 上午",147,213,0,641,1670
0.8,63,10.9,217,"28-2月 -18 12.00.00.000000000 上午",61,89,0,191,621
0.6,64,7,153,"01-3月 -18 12.00.00.000000000 上午",42,71,0,123,453
2.2,158,16.9,476,"02-3月 -18 12.00.00.000000000 上午",137,221,0,641,1633
3,252,26.1,615,"03-3月 -18 12.00.00.000000000 上午",170,316,0,1173,2526
3.2,330,33.4,907,"04-3月 -18 12.00.00.000000000 上午",232,440,0,1044,2953
1.8,232,17,428,"05-3月 -18 12.00.00.000000000 上午",150,258,0,931,1999
3.2,576,42.7,808,"06-3月 -18 12.00.00.000000000 上午",300,625,0,3077,5386
2.9,503,37.9,655,"07-3月 -18 12.00.00.000000000 上午",282,533,0,2447,4420
8,1570,84.6,1914,"08-3月 -18 12.00.00.000000000 上午",871,1634,0,8446,14435
6.4,872,83.3,1254,"09-3月 -18 12.00.00.000000000 上午",560,1000,0,4379,8065
1.2,25,18.9,94,"10-3月 -18 12.00.00.000000000 上午",35,34,0,87,275
2,180,35,223,"11-3月 -18 12.00.00.000000000 上午",110,199,0,1065,1777
6.2,388,57.8,633,"12-3月 -18 12.00.00.000000000 上午",256,484,0,2084,3845
3.2,116,30.9,195,"13-3月 -18 12.00.00.000000000 上午",53,131,0,469,964
6.4,246,54.1,505,"14-3月 -18 12.00.00.000000000 上午",167,262,0,709,1889
4.7,121,59.7,276,"15-3月 -18 12.00.00.000000000 上午",85,132,0,374,988
6,141,44.6,417,"16-3月 -18 12.00.00.000000000 上午",106,198,0,814,1676
10.1,837,57.8,1588,"17-3月 -18 12.00.00.000000000 上午",547,974,0,3707,7653
13.8,623,57.8,1314,"18-3月 -18 12.00.00.000000000 上午",459,779,0,4369,7544
8.8,397,59.9,801,"19-3月 -18 12.00.00.000000000 上午",250,466,0,1821,3735
13.2,1304,74.4,2209,"20-3月 -18 12.00.00.000000000 上午",894,1610,0,7680,13697
8.7,597,50.4,907,"21-3月 -18 12.00.00.000000000 上午",386,697,0,3624,6211
3.7,155,26.9,382,"22-3月 -18 12.00.00.000000000 上午",122,212,0,822,1693
2.7,86,21.5,223,"23-3月 -18 12.00.00.000000000 上午",57,114,0,490,970
2.4,117,25.9,169,"24-3月 -18 12.00.00.000000000 上午",80,146,0,596,1108
3.4,157,21,265,"25-3月 -18 12.00.00.000000000 上午",90,191,0,586,1289
8.7,40,14.2,109,"26-3月 -18 12.00.00.000000000 上午",25,38,0,146,358
5.1,257,30.1,554,"27-3月 -18 12.00.00.000000000 上午",200,334,0,1464,2809
7.4,291,29.9,524,"28-3月 -18 12.00.00.000000000 上午",185,271,0,1340,2611
3.4,75,21,150,"29-3月 -18 12.00.00.000000000 上午",50,64,0,381,720
4,73,28.9,160,"30-3月 -18 12.00.00.000000000 上午",64,77,0,416,790
3.8,65,28,146,"31-3月 -18 12.00.00.000000000 上午",47,61,0,231,550
7.9,788,33.8,1391,"01-4月 -18 12.00.00.000000000 上午",531,913,0,4742,8365
4.8,113,16.7,305,"02-4月 -18 12.00.00.000000000 上午",95,163,0,812,1488
3.2,102,19,225,"03-4月 -18 12.00.00.000000000 上午",77,125,0,375,904
2.7,163,43.5,220,"04-4月 -18 12.00.00.000000000 上午",90,173,0,826,1472
5.2,504,71.9,537,"05-4月 -18 12.00.00.000000000 上午",280,512,0,3384,5217
2.4,60,54.3,123,"06-4月 -18 12.00.00.000000000 上午",61,75,0,319,638
6,449,59,891,"07-4月 -18 12.00.00.000000000 上午",304,539,0,2532,4715
7.8,482,54.4,770,"08-4月 -18 12.00.00.000000000 上午",301,608,0,3131,5292
3.4,133,40.6,164,"09-4月 -18 12.00.00.000000000 上午",66,125,0,814,1302
2,5,17.7,47,"10-4月 -18 12.00.00.000000000 上午",9,17,0,54,132
3.9,169,52,222,"11-4月 -18 12.00.00.000000000 上午",89,159,0,858,1497
0.7,88,54.4,17,"12-4月 -18 12.00.00.000000000 上午",13,55,0,852,1025
0.3,5,27,5,"13-4月 -18 12.00.00.000000000 上午",4,10,0,85,109
0.8,32,40.6,28,"14-4月 -18 12.00.00.000000000 上午",16,29,0,378,483
2.7,172,62.6,352,"15-4月 -18 12.00.00.000000000 上午",144,208,0,735,1611
4.2,220,78.2,409,"16-4月 -18 12.00.00.000000000 上午",169,272,0,749,1819
3.9,86,67.4,257,"17-4月 -18 12.00.00.000000000 上午",80,132,0,200,755
3.9,136,67.9,268,"18-4月 -18 12.00.00.000000000 上午",97,145,0,456,1102
1,29,34.3,55,"19-4月 -18 12.00.00.000000000 上午",15,27,0,143,269
1.6,79,24.5,134,"20-4月 -18 12.00.00.000000000 上午",53,85,0,272,623
2,32,34,120,"21-4月 -18 12.00.00.000000000 上午",31,48,0,148,379
0.7,24,17.5,45,"22-4月 -18 12.00.00.000000000 上午",16,36,0,41,162
2,201,42,202,"23-4月 -18 12.00.00.000000000 上午",88,167,0,1039,1697
4.5,125,51.8,276,"24-4月 -18 12.00.00.000000000 上午",90,160,0,418,1069
6.2,169,63.8,456,"25-4月 -18 12.00.00.000000000 上午",131,189,0,361,1306
7.4,50,48.3,164,"26-4月 -18 12.00.00.000000000 上午",23,52,0,204,493
17.2,734,34.8,2981,"27-4月 -18 12.00.00.000000000 上午",789,835,0,9033,14372
27.2,1564,30.4,5621,"28-4月 -18 12.00.00.000000000 上午",2401,1735,0,19882,31203
20.8,1753,48,5402,"29-4月 -18 12.00.00.000000000 上午",1721,1842,0,18868,29586
18.4,1661,51,4444,"30-4月 -18 12.00.00.000000000 上午",1621,1660,0,16472,25858
18.4,1203,47.3,4007,"01-5月 -18 12.00.00.000000000 上午",1599,1296,0,12177,20282
11.2,922,60.8,2254,"02-5月 -18 12.00.00.000000000 上午",803,965,0,6272,11216
21.5,2133,51.9,5581,"03-5月 -18 12.00.00.000000000 上午",1788,2199,0,17040,28741
21,1725,35.1,7036,"04-5月 -18 12.00.00.000000000 上午",1664,1980,0,17253,29658
18.2,1833,61.4,6046,"05-5月 -18 12.00.00.000000000 上午",1778,2006,0,14349,26012
19.2,2453,53,6408,"06-5月 -18 12.00.00.000000000 上午",2288,2714,0,20397,34260
19.6,3150,52.8,7799,"07-5月 -18 12.00.00.000000000 上午",2518,3300,0,24706,41473
17.2,832,38.2,2991,"08-5月 -18 12.00.00.000000000 上午",1455,975,0,10154,16407
28.1,2227,47.3,7084,"09-5月 -18 12.00.00.000000000 上午",1886,2492,0,19034,32723
21,3068,53.7,8259,"10-5月 -18 12.00.00.000000000 上午",2700,3356,0,23492,40875
20.8,2577,49.8,6402,"11-5月 -18 12.00.00.000000000 上午",2453,2785,0,22814,37031
23.1,2199,44.2,6978,"12-5月 -18 12.00.00.000000000 上午",2398,2381,0,22823,36779
18.8,1042,28.7,4215,"13-5月 -18 12.00.00.000000000 上午",1548,1170,0,14351,22326
17.6,1678,39.7,4686,"14-5月 -18 12.00.00.000000000 上午",1731,1711,0,16494,26300
20.9,1597,48.5,5537,"15-5月 -18 12.00.00.000000000 上午",1764,1700,0,16773,27371
25,1704,43.4,7308,"16-5月 -18 12.00.00.000000000 上午",1507,1876,0,16552,28947
16,998,41,3663,"17-5月 -18 12.00.00.000000000 上午",1039,1022,0,8889,15611
9,633,58.5,2282,"18-5月 -18 12.00.00.000000000 上午",514,720,0,5772,9921
19.2,902,27.9,5000,"19-5月 -18 12.00.00.000000000 上午",1044,949,0,11847,19742
19.7,1032,40.4,5052,"20-5月 -18 12.00.00.000000000 上午",1062,1116,0,9794,18056
17.8,1217,39,4667,"21-5月 -18 12.00.00.000000000 上午",1225,1290,0,10945,19344
15.4,1196,50.5,3948,"22-5月 -18 12.00.00.000000000 上午",1370,1365,0,12907,20786
14.1,740,27.3,3366,"23-5月 -18 12.00.00.000000000 上午",1016,861,0,8747,14730
8.4,884,73.5,2385,"24-5月 -18 12.00.00.000000000 上午",569,998,0,7967,12803
10.9,788,49.4,2221,"25-5月 -18 12.00.00.000000000 上午",716,918,0,7761,12404
19.4,2338,51.1,6658,"26-5月 -18 12.00.00.000000000 上午",1987,2423,0,23180,36586
27.7,389,18.8,601,"23-3月 -17 12.00.00.000000000 上午",218,347,0,4690,6245
24.2,1339,34.1,2401,"24-3月 -17 12.00.00.000000000 上午",932,1612,0,12220,18504
14.2,1504,50.6,2528,"25-3月 -17 12.00.00.000000000 上午",1047,1808,0,9654,16541
13.4,1255,42.8,2194,"26-3月 -17 12.00.00.000000000 上午",876,1410,0,7429,13164
8.1,821,32.6,1490,"27-3月 -17 12.00.00.000000000 上午",559,973,0,4690,8533
10.9,1150,37.7,1931,"28-3月 -17 12.00.00.000000000 上午",729,1284,0,7029,12123
12.7,1121,35,1970,"29-3月 -17 12.00.00.000000000 上午",756,1300,0,8070,13217
17.3,1135,31.1,1981,"30-3月 -17 12.00.00.000000000 上午",788,1391,0,9188,14483
15.8,869,30.6,1587,"31-3月 -17 12.00.00.000000000 上午",581,937,0,6840,10814
14.4,1618,50.9,2645,"01-4月 -17 12.00.00.000000000 上午",980,1812,0,10251,17306
12.7,1025,30.7,1885,"02-4月 -17 12.00.00.000000000 上午",660,1198,0,7553,12321
10.3,995,36.3,1863,"03-4月 -17 12.00.00.000000000 上午",773,1189,0,6744,11564
13.6,958,30.1,1650,"04-4月 -17 12.00.00.000000000 上午",583,1106,0,7097,11394
9.4,799,32.5,1507,"05-4月 -17 12.00.00.000000000 上午",562,956,0,5303,9127
7.2,318,17.5,742,"06-4月 -17 12.00.00.000000000 上午",238,350,0,1931,3579
7,617,23.6,1085,"07-4月 -17 12.00.00.000000000 上午",393,643,0,3724,6462
8,764,30.5,1393,"08-4月 -17 12.00.00.000000000 上午",471,962,0,5020,8610
15.1,1632,40.4,2537,"09-4月 -17 12.00.00.000000000 上午",996,1744,0,11515,18424
20.9,2184,55.1,3510,"10-4月 -17 12.00.00.000000000 上午",1425,2428,0,15361,24908
16,988,32.1,1861,"11-4月 -17 12.00.00.000000000 上午",736,1137,0,8564,13286
15.3,1326,47.1,2556,"12-4月 -17 12.00.00.000000000 上午",948,1572,0,8617,15019
8.8,630,35.7,1413,"13-4月 -17 12.00.00.000000000 上午",490,780,0,3535,6848
5.7,281,18.4,731,"14-4月 -17 12.00.00.000000000 上午",200,300,0,1521,3033
10,855,39.2,1681,"15-4月 -17 12.00.00.000000000 上午",587,1005,0,4645,8773
8,770,38,1547,"16-4月 -17 12.00.00.000000000 上午",541,892,0,4137,7887
16.8,1293,39.3,2246,"17-4月 -17 12.00.00.000000000 上午",785,1440,0,8659,14423
14.6,904,29.2,1748,"18-4月 -17 12.00.00.000000000 上午",641,1006,0,6836,11135
23.8,1345,34.9,2397,"19-4月 -17 12.00.00.000000000 上午",895,1481,0,12491,18609
24,949,23,1779,"20-4月 -17 12.00.00.000000000 上午",618,990,0,9802,14138
19.4,1234,31,2013,"21-4月 -17 12.00.00.000000000 上午",776,1395,0,10213,15631
22.8,1118,26.4,1995,"22-4月 -17 12.00.00.000000000 上午",757,1197,0,10224,15291
7.9,110,9.3,398,"23-4月 -17 12.00.00.000000000 上午",95,151,0,1085,1839
7.3,294,20.6,743,"24-4月 -17 12.00.00.000000000 上午",258,387,0,1907,3589
5.4,276,16.1,639,"25-4月 -17 12.00.00.000000000 上午",198,310,0,1696,3119
5.6,304,17.1,705,"26-4月 -17 12.00.00.000000000 上午",264,388,0,1854,3515
15.4,1004,35.3,1828,"27-4月 -17 12.00.00.000000000 上午",692,1164,0,7098,11786
13.2,819,29.2,1574,"28-4月 -17 12.00.00.000000000 上午",496,827,0,5442,9158
10.4,853,31.8,1492,"29-4月 -17 12.00.00.000000000 上午",563,943,0,4557,8408
10.2,982,30,1547,"30-4月 -17 12.00.00.000000000 上午",603,1168,0,6545,10845
11.1,876,32.1,1626,"01-5月 -17 12.00.00.000000000 上午",632,1041,0,5631,9806
13,872,27.4,1505,"02-5月 -17 12.00.00.000000000 上午",566,970,0,5957,9870
21.4,1065,33.4,2108,"03-5月 -17 12.00.00.000000000 上午",693,1289,0,10088,15243
10,267,15.8,690,"04-5月 -17 12.00.00.000000000 上午",237,332,0,2632,4158
7.4,501,21.6,1022,"05-5月 -17 12.00.00.000000000 上午",343,625,0,2546,5037
8.8,597,28,1205,"06-5月 -17 12.00.00.000000000 上午",429,681,0,3437,6349
10.9,1101,48.4,2066,"07-5月 -17 12.00.00.000000000 上午",760,1304,0,6693,11924
11.8,1302,55.6,2463,"08-5月 -17 12.00.00.000000000 上午",945,1637,0,7276,13623
6.6,380,22.3,922,"09-5月 -17 12.00.00.000000000 上午",303,479,0,2247,4331
6.4,279,13.5,653,"10-5月 -17 12.00.00.000000000 上午",205,342,0,1985,3464
12.2,609,23.9,1335,"11-5月 -17 12.00.00.000000000 上午",422,763,0,5232,8361
12.2,669,23.5,1204,"12-5月 -17 12.00.00.000000000 上午",450,676,0,5188,8187
1.7,104,10.8,251,"21-9月 -17 12.00.00.000000000 上午",69,123,0,450,997
3.9,259,24,607,"22-9月 -17 12.00.00.000000000 上午",214,355,0,1181,2616
7.9,110,9.3,398,"23-9月 -17 12.00.00.000000000 上午",95,151,0,1085,1839
7.3,294,20.6,743,"24-9月 -17 12.00.00.000000000 上午",258,387,0,1907,3589
5.4,276,16.1,639,"25-9月 -17 12.00.00.000000000 上午",198,310,0,1696,3119
5.6,304,17.1,705,"26-9月 -17 12.00.00.000000000 上午",264,388,0,1854,3515
15.8,1058,36.1,1951,"27-9月 -17 12.00.00.000000000 上午",727,1229,0,7587,12552
13.2,819,29.2,1574,"28-9月 -17 12.00.00.000000000 上午",496,827,0,5442,9158
10.7,855,33.9,1509,"29-9月 -17 12.00.00.000000000 上午",567,959,0,4646,8536
5.3,413,25.3,793,"30-9月 -17 12.00.00.000000000 上午",294,451,0,2010,3961
5.3,355,37.2,776,"01-10月-17 12.00.00.000000000 上午",224,402,0,1848,3605
2.9,263,31.3,713,"02-10月-17 12.00.00.000000000 上午",189,334,0,1392,2891
3.4,221,29.2,667,"03-10月-17 12.00.00.000000000 上午",173,305,0,1316,2682
3.4,334,28.4,751,"04-10月-17 12.00.00.000000000 上午",219,364,0,1747,3415
5.4,467,36,931,"05-10月-17 12.00.00.000000000 上午",294,534,0,1977,4203
4,438,32,874,"06-10月-17 12.00.00.000000000 上午",319,542,0,1940,4113
4.6,457,32.5,978,"07-10月-17 12.00.00.000000000 上午",362,599,0,2115,4511
6.1,522,27.7,1095,"08-10月-17 12.00.00.000000000 上午",348,646,0,2951,5562
8.6,839,45.6,1790,"09-10月-17 12.00.00.000000000 上午",608,1040,0,4487,8764
11,673,30.2,1432,"10-10月-17 12.00.00.000000000 上午",521,849,0,4763,8238
7.6,536,28,1357,"11-10月-17 12.00.00.000000000 上午",392,767,0,3056,6108
11.4,710,20.5,1385,"12-10月-17 12.00.00.000000000 上午",503,810,0,5885,9293
19,1720,60.4,2875,"13-10月-17 12.00.00.000000000 上午",1207,2077,0,12197,20076
15.9,2053,73.8,3035,"14-10月-17 12.00.00.000000000 上午",1374,2429,0,12981,21872
13,2041,79.3,2887,"15-10月-17 12.00.00.000000000 上午",1305,2377,0,12653,21263
7.8,610,43.3,1423,"16-10月-17 12.00.00.000000000 上午",475,706,0,2844,6058
7.3,685,51.8,1502,"17-10月-17 12.00.00.000000000 上午",495,884,0,3198,6764
5,630,52.7,1068,"18-10月-17 12.00.00.000000000 上午",424,752,0,2701,5575
8.6,1211,75.5,1957,"19-10月-17 12.00.00.000000000 上午",841,1401,0,5959,11369
8.8,1255,77.8,2048,"20-10月-17 12.00.00.000000000 上午",823,1598,0,6317,12041
10.6,1526,74.3,2185,"21-10月-17 12.00.00.000000000 上午",932,1719,0,8064,14426
3.9,664,50.5,994,"22-10月-17 12.00.00.000000000 上午",463,844,0,2967,5932
2.4,342,31.9,591,"23-10月-17 12.00.00.000000000 上午",235,414,0,1279,2861
3.1,317,27.9,580,"24-10月-17 12.00.00.000000000 上午",246,370,0,1196,2709
4.7,336,29.4,778,"25-10月-17 12.00.00.000000000 上午",277,417,0,1500,3308
3.1,272,33.5,470,"26-10月-17 12.00.00.000000000 上午",225,326,0,1067,2360
2.7,193,26.7,450,"27-10月-17 12.00.00.000000000 上午",144,249,0,819,1855
2,295,31.1,513,"28-10月-17 12.00.00.000000000 上午",190,381,0,1290,2669
3.6,641,59,935,"29-10月-17 12.00.00.000000000 上午",381,723,0,3160,5840
2.9,506,48.2,747,"30-10月-17 12.00.00.000000000 上午",303,589,0,2659,4804
1.9,345,33.6,500,"31-10月-17 12.00.00.000000000 上午",224,427,0,1583,3079
1.8,316,31.5,480,"01-11月-17 12.00.00.000000000 上午",176,349,0,1285,2606
2.4,312,25.6,616,"02-11月-17 12.00.00.000000000 上午",214,387,0,1213,2742
1.3,288,34.2,319,"03-11月-17 12.00.00.000000000 上午",168,318,0,1671,2764
2.8,462,50.9,770,"04-11月-17 12.00.00.000000000 上午",305,554,0,2261,4352
6,500,48.6,1066,"05-11月-17 12.00.00.000000000 上午",360,576,0,2245,4747
5.4,358,31.3,800,"06-11月-17 12.00.00.000000000 上午",302,463,0,1583,3506
4,459,49,1045,"07-11月-17 12.00.00.000000000 上午",380,561,0,1740,4185
3.7,445,48,963,"08-11月-17 12.00.00.000000000 上午",372,538,0,1348,3666
2.6,297,29.1,634,"09-11月-17 12.00.00.000000000 上午",216,325,0,764,2236
2,258,30.4,562,"10-11月-17 12.00.00.000000000 上午",178,333,0,818,2149
2.6,229,26.2,649,"11-11月-17 12.00.00.000000000 上午",190,303,0,682,2053
2.6,207,27.6,580,"12-11月-17 12.00.00.000000000 上午",204,307,0,755,2053
4.6,124,12.6,359,"13-11月-17 12.00.00.000000000 上午",141,160,0,863,1647
2.5,175,21.6,476,"14-11月-17 12.00.00.000000000 上午",148,262,0,749,1810
2.3,205,23.1,481,"15-11月-17 12.00.00.000000000 上午",145,302,0,875,2008
1.9,181,16.6,429,"16-11月-17 12.00.00.000000000 上午",142,249,0,726,1727
2.4,315,26.4,508,"17-11月-17 12.00.00.000000000 上午",189,314,0,1656,2982
3.8,454,42.2,1009,"18-11月-17 12.00.00.000000000 上午",333,657,0,2105,4558
5,699,56.6,1258,"19-11月-17 12.00.00.000000000 上午",484,815,0,2197,5453
1,341,74.8,268,"19-10月-18 12.00.00.000000000 上午",260,406,0,2504,3779
3.1,185,82,320,"31-10月-18 12.00.00.000000000 上午",195,224,0,2399,3323
2.6,363,86.7,557,"06-11月-18 12.00.00.000000000 上午",343,460,0,3056,4779
0.8,215,82.2,159,"08-11月-18 12.00.00.000000000 上午",139,285,0,1411,2209
5.8,320,69.5,875,"20-11月-18 12.00.00.000000000 上午",334,346,0,3529,5404
2.5,47,76.9,116,"22-11月-18 12.00.00.000000000 上午",37,52,0,2596,2848
3.6,346,84.2,515,"24-11月-18 12.00.00.000000000 上午",266,467,0,3416,5010
6.1,308,71.6,1100,"30-11月-18 12.00.00.000000000 上午",264,342,0,2955,4969
3,326,85.7,419,"02-12月-18 12.00.00.000000000 上午",256,428,0,2742,4171
3.1,544,90.9,725,"03-12月-18 12.00.00.000000000 上午",411,720,0,3498,5898
20.6,2042,51,6223,"10-12月-18 12.00.00.000000000 上午",2370,2331,0,18297,31263
22.4,2183,48.4,8038,"13-12月-18 12.00.00.000000000 上午",2417,2576,0,19998,35212
22.6,1427,47.1,6015,"19-12月-18 12.00.00.000000000 上午",1626,1762,0,11878,22708
2,355,88.9,424,"22-12月-18 12.00.00.000000000 上午",280,451,0,3984,5494
1.7,46,40.5,26,"29-12月-18 12.00.00.000000000 上午",38,43,0,252,405
0.3,1,79.7,0,"13-1月 -19 12.00.00.000000000 上午",0,5,0,1467,1473
2.3,608,93.6,642,"18-1月 -19 12.00.00.000000000 上午",406,784,0,5912,8352
4,679,87.9,865,"22-1月 -19 12.00.00.000000000 上午",459,834,0,6328,9165
3.1,297,90,545,"28-1月 -19 12.00.00.000000000 上午",249,346,0,3307,4744
1.3,46,34.6,75,"01-2月 -19 12.00.00.000000000 上午",43,98,0,287,549
3.1,61,51.6,223,"07-2月 -19 12.00.00.000000000 上午",78,87,0,706,1155
8.3,425,67.3,1591,"08-2月 -19 12.00.00.000000000 上午",586,502,0,4183,7287
1.4,214,83.8,172,"15-2月 -19 12.00.00.000000000 上午",140,295,0,1319,2140
2.2,32,41.5,128,"20-2月 -19 12.00.00.000000000 上午",32,55,0,347,594
1.4,294,86.8,275,"26-2月 -19 12.00.00.000000000 上午",233,394,0,1960,3156
2.9,388,83.5,406,"18-3月 -19 12.00.00.000000000 上午",220,518,0,1519,3051
2.7,369,84.8,443,"26-3月 -19 12.00.00.000000000 上午",270,526,0,1382,2990
1.8,344,88.8,335,"27-3月 -19 12.00.00.000000000 上午",290,487,0,1232,2688
2.6,183,64.3,215,"31-3月 -19 12.00.00.000000000 上午",144,240,0,879,1661
2,545,96.2,646,"08-4月 -19 12.00.00.000000000 上午",517,789,0,2338,4835
1.6,278,88.8,215,"14-4月 -19 12.00.00.000000000 上午",203,351,0,1091,2138
2.8,467,89,629,"19-4月 -19 12.00.00.000000000 上午",420,668,0,2072,4256
0.4,10,30.4,6,"05-5月 -19 12.00.00.000000000 上午",7,7,0,69,99
1.7,119,67.3,144,"12-5月 -19 12.00.00.000000000 上午",86,147,0,610,1106
2.1,575,97.4,580,"16-5月 -19 12.00.00.000000000 上午",471,840,0,2624,5090
1.9,416,91.4,435,"21-5月 -19 12.00.00.000000000 上午",308,567,0,1754,3480
1.6,351,91.6,317,"28-5月 -19 12.00.00.000000000 上午",269,545,0,1428,2910
1,269,96.9,183,"09-6月 -19 12.00.00.000000000 上午",212,348,0,1000,2012
4.5,262,84.2,221,"15-6月 -19 12.00.00.000000000 上午",235,386,0,1181,2285
1.1,159,96.4,175,"23-6月 -19 12.00.00.000000000 上午",149,248,0,652,1383
1.6,390,91.8,317,"04-7月 -19 12.00.00.000000000 上午",293,617,0,1475,3092
1.3,304,91.9,181,"09-7月 -19 12.00.00.000000000 上午",204,462,0,1186,2337
1.3,252,91.1,162,"11-7月 -19 12.00.00.000000000 上午",194,400,0,843,1851
1.5,351,94.6,276,"15-7月 -19 12.00.00.000000000 上午",244,488,0,1214,2573
1,100,93.4,74,"30-7月 -19 12.00.00.000000000 上午",86,158,0,549,967
0.9,116,66.9,99,"31-7月 -19 12.00.00.000000000 上午",74,147,0,516,952
1.2,166,95,170,"05-8月 -19 12.00.00.000000000 上午",115,236,0,800,1487
1.4,182,95.6,158,"06-8月 -19 12.00.00.000000000 上午",104,287,0,802,1533
0.9,131,99.5,103,"10-8月 -19 12.00.00.000000000 上午",112,230,0,640,1216
0.9,146,93.9,105,"16-8月 -19 12.00.00.000000000 上午",88,213,0,728,1280
0.4,75,58.4,23,"19-8月 -19 12.00.00.000000000 上午",35,88,0,312,533
1.6,187,93.4,156,"22-8月 -19 12.00.00.000000000 上午",137,277,0,880,1637
1.3,115,79.1,115,"04-9月 -19 12.00.00.000000000 上午",112,141,0,576,1059
1,136,75.6,51,"06-9月 -19 12.00.00.000000000 上午",61,149,0,426,823
1.1,167,96.9,184,"09-9月 -19 12.00.00.000000000 上午",121,265,0,896,1633
0.9,105,85.1,57,"14-9月 -19 12.00.00.000000000 上午",69,115,0,430,776
2.1,182,71.9,200,"16-9月 -19 12.00.00.000000000 上午",131,211,0,873,1597
1.9,220,68.3,385,"17-7月 -18 12.00.00.000000000 上午",167,288,0,2451,3511
2.7,563,100.9,594,"02-8月 -18 12.00.00.000000000 上午",350,629,0,5394,7530
1.5,635,107.4,542,"18-8月 -18 12.00.00.000000000 上午",449,747,0,6005,8378
4.4,115,13.4,362,"13-5月 -17 12.00.00.000000000 上午",101,151,0,574,1303
14.8,470,18.8,1063,"14-5月 -17 12.00.00.000000000 上午",342,577,0,4104,6556
7.2,174,11,476,"15-5月 -17 12.00.00.000000000 上午",154,216,0,1507,2527
13.4,1093,32.5,1846,"16-5月 -17 12.00.00.000000000 上午",678,1215,0,7437,12269
7.6,388,19.1,793,"17-5月 -17 12.00.00.000000000 上午",297,433,0,2525,4436
9.4,455,25.7,1104,"18-5月 -17 12.00.00.000000000 上午",334,505,0,2994,5392
10.8,347,16,877,"19-5月 -17 12.00.00.000000000 上午",242,410,0,3264,5140
8,271,18.5,769,"20-5月 -17 12.00.00.000000000 上午",239,346,0,1987,3612
13.9,656,32.1,1611,"21-5月 -17 12.00.00.000000000 上午",479,780,0,5243,8769
14.6,966,38.4,2055,"22-5月 -17 12.00.00.000000000 上午",647,1056,0,6470,11194
11.5,781,35.3,1574,"23-5月 -17 12.00.00.000000000 上午",536,895,0,4927,8713
4.5,378,23.5,768,"24-5月 -17 12.00.00.000000000 上午",252,470,0,1595,3463
11.8,742,37,1610,"25-5月 -17 12.00.00.000000000 上午",534,926,0,4219,8031
18.1,1012,46.3,1643,"07-6月 -17 12.00.00.000000000 上午",643,1119,0,6484,10901
13.8,965,31.4,1859,"08-6月 -17 12.00.00.000000000 上午",658,1132,0,6913,11527
11.8,765,31.4,1658,"09-6月 -17 12.00.00.000000000 上午",560,953,0,5463,9399
13.7,877,34.8,1881,"10-6月 -17 12.00.00.000000000 上午",645,1085,0,6430,10918
12.1,976,41,1843,"11-6月 -17 12.00.00.000000000 上午",696,1188,0,6203,10906
7.6,1127,51.5,1645,"12-6月 -17 12.00.00.000000000 上午",785,1422,0,6863,11842
10.2,761,32.7,1384,"13-6月 -17 12.00.00.000000000 上午",539,867,0,4582,8133
7.2,305,20.2,791,"14-6月 -17 12.00.00.000000000 上午",234,347,0,2052,3729
13.6,1063,42.3,2082,"15-6月 -17 12.00.00.000000000 上午",709,1247,0,7291,12392
11,850,43.2,1869,"16-6月 -17 12.00.00.000000000 上午",585,999,0,5012,9315
2.4,80,9.7,248,"17-6月 -17 12.00.00.000000000 上午",70,98,0,386,882
4.2,243,16.4,553,"18-6月 -17 12.00.00.000000000 上午",184,284,0,1224,2488
4.7,389,20.1,752,"19-6月 -17 12.00.00.000000000 上午",294,442,0,1860,3737
4.1,278,22.3,699,"20-6月 -17 12.00.00.000000000 上午",214,328,0,1380,2899
8.4,586,27.1,1180,"21-6月 -17 12.00.00.000000000 上午",387,655,0,3813,6621
14.8,1106,45.4,2197,"22-6月 -17 12.00.00.000000000 上午",726,1230,0,7292,12551
14.7,874,34.3,1698,"23-6月 -17 12.00.00.000000000 上午",605,1033,0,7059,11269
11.4,960,44.6,1924,"24-6月 -17 12.00.00.000000000 上午",636,1140,0,5721,10381
10.9,1292,58.8,2332,"25-6月 -17 12.00.00.000000000 上午",834,1468,0,7314,13240
13.9,1398,58.2,2671,"26-6月 -17 12.00.00.000000000 上午",903,1597,0,8884,15453
14.4,1237,50.8,2430,"27-6月 -17 12.00.00.000000000 上午",859,1367,0,7039,12932
13.8,1103,52.1,2198,"28-6月 -17 12.00.00.000000000 上午",756,1315,0,6594,11966
10.7,929,44.1,1846,"29-6月 -17 12.00.00.000000000 上午",643,1060,0,5382,9860
12,686,31,1466,"30-6月 -17 12.00.00.000000000 上午",431,691,0,5084,8358
10.9,1099,45.2,1986,"01-7月 -17 12.00.00.000000000 上午",747,1303,0,6464,11599
6.4,418,25.6,1060,"02-7月 -17 12.00.00.000000000 上午",284,527,0,2567,4856
3.9,231,16.3,543,"03-7月 -17 12.00.00.000000000 上午",166,289,0,1240,2469
4.1,170,15.1,469,"04-7月 -17 12.00.00.000000000 上午",149,234,0,1228,2250
6.7,390,20.6,960,"05-7月 -17 12.00.00.000000000 上午",289,478,0,2649,4766
2.1,109,10.5,299,"06-7月 -17 12.00.00.000000000 上午",83,117,0,501,1109
11.5,585,25.8,1315,"07-7月 -17 12.00.00.000000000 上午",440,710,0,4839,7889
5.6,326,23.9,812,"08-7月 -17 12.00.00.000000000 上午",248,426,0,1836,3648
11.5,946,34.5,1816,"09-7月 -17 12.00.00.000000000 上午",655,1056,0,6619,11092
14.1,964,41.2,2058,"10-7月 -17 12.00.00.000000000 上午",692,1207,0,6361,11282
10.2,837,38.7,1708,"11-7月 -17 12.00.00.000000000 上午",601,988,0,5047,9181
6.8,266,16.2,660,"12-7月 -17 12.00.00.000000000 上午",200,311,0,1870,3307
7.9,266,17.3,741,"13-7月 -17 12.00.00.000000000 上午",207,342,0,1943,3499
10.3,659,30.8,1482,"14-7月 -17 12.00.00.000000000 上午",459,810,0,4665,8075
10.2,756,34.7,1670,"15-7月 -17 12.00.00.000000000 上午",519,887,0,4010,7842
7.3,231,12.7,575,"16-7月 -17 12.00.00.000000000 上午",169,290,0,1705,2970
2,1,4.4,9,"17-7月 -17 12.00.00.000000000 上午",3,3,0,10,26
9.4,201,15.1,503,"24-7月 -17 12.00.00.000000000 上午",149,233,0,1304,2390
9.6,418,18.4,972,"25-7月 -17 12.00.00.000000000 上午",331,549,0,3039,5309
8.7,243,12.2,568,"26-7月 -17 12.00.00.000000000 上午",193,292,0,2113,3409
5.4,261,14.9,625,"27-7月 -17 12.00.00.000000000 上午",212,283,0,1512,2893
8.9,379,14.5,836,"28-7月 -17 12.00.00.000000000 上午",293,412,0,2953,4873
5.7,361,21.5,841,"29-7月 -17 12.00.00.000000000 上午",254,453,0,1881,3790
1.5,423,89.9,424,"01-8月 -18 12.00.00.000000000 上午",306,526,0,4144,5823
1.1,161,107.5,173,"04-8月 -18 12.00.00.000000000 上午",133,204,0,1535,2206
2.1,759,103.8,735,"08-8月 -18 12.00.00.000000000 上午",570,909,0,7362,10335
1.1,454,106.8,330,"12-8月 -18 12.00.00.000000000 上午",314,528,0,4246,5872
1.2,399,107.2,382,"26-8月 -18 12.00.00.000000000 上午",314,498,0,4259,5852
1.5,694,102.3,463,"01-9月 -18 12.00.00.000000000 上午",417,736,0,5525,7835
2,751,103.4,833,"06-9月 -18 12.00.00.000000000 上午",554,872,0,5401,8411
2,703,104.2,865,"11-9月 -18 12.00.00.000000000 上午",543,855,0,5100,8066
2,615,101.7,867,"28-9月 -18 12.00.00.000000000 上午",556,807,0,4854,7699
1,190,96.5,284,"02-10月-18 12.00.00.000000000 上午",226,262,0,2604,3566
2.5,17,32.8,86,"08-10月-18 12.00.00.000000000 上午",14,33,0,94,244
14.2,1048,25.3,3342,"09-10月-18 12.00.00.000000000 上午",1513,1152,0,9022,16077
13.6,828,47.5,2839,"10-10月-18 12.00.00.000000000 上午",843,1024,0,6966,12500
0.7,90,83.1,64,"03-11月-18 12.00.00.000000000 上午",92,113,0,1569,1928
1.1,268,87.2,251,"10-11月-18 12.00.00.000000000 上午",207,392,0,2241,3359
2.1,306,85.9,365,"12-11月-18 12.00.00.000000000 上午",271,429,0,2163,3534
2.4,342,84.2,534,"14-11月-18 12.00.00.000000000 上午",348,526,0,3824,5574
1.2,353,83.1,370,"16-11月-18 12.00.00.000000000 上午",257,441,0,2670,4091
1.7,173,87.1,257,"18-11月-18 12.00.00.000000000 上午",174,220,0,2279,3103
3.1,812,99.1,996,"27-11月-18 12.00.00.000000000 上午",565,1031,0,5287,8691
2.2,765,99.7,796,"05-12月-18 12.00.00.000000000 上午",562,1039,0,4478,7640
22.8,1701,44.8,6733,"14-12月-18 12.00.00.000000000 上午",2174,2248,0,15809,28665
21.5,1720,44.5,6049,"16-12月-18 12.00.00.000000000 上午",2530,2224,0,15846,28369
5,756,84.5,1142,"21-12月-18 12.00.00.000000000 上午",469,918,0,5840,9125
0.9,499,54,365,"31-12月-18 12.00.00.000000000 上午",303,551,0,4777,6495
0.8,1,86.9,12,"15-1月 -19 12.00.00.000000000 上午",15,23,0,7785,7836
3.1,318,82.5,519,"24-1月 -19 12.00.00.000000000 上午",224,337,0,2792,4190
2.6,262,88.2,414,"27-1月 -19 12.00.00.000000000 上午",153,267,0,3744,4840
3.4,202,88.9,365,"03-2月 -19 12.00.00.000000000 上午",110,188,0,2173,3038
3.6,56,67.5,189,"06-2月 -19 12.00.00.000000000 上午",75,75,0,822,1217
1.2,145,81.5,122,"22-2月 -19 12.00.00.000000000 上午",84,179,0,1055,1585
1.3,235,81.2,180,"02-3月 -19 12.00.00.000000000 上午",158,348,0,1040,1961
1.5,296,82.2,218,"04-3月 -19 12.00.00.000000000 上午",220,351,0,1191,2276
0.4,19,65.2,12,"08-3月 -19 12.00.00.000000000 上午",10,29,0,106,176
0.2,2,31.3,0,"09-3月 -19 12.00.00.000000000 上午",1,6,0,13,22
3.9,39,40.4,135,"11-3月 -19 12.00.00.000000000 上午",43,74,0,337,628
1,16,67.4,17,"14-3月 -19 12.00.00.000000000 上午",27,15,0,297,372
2,342,71.8,362,"04-4月 -19 12.00.00.000000000 上午",288,548,0,1364,2904
1.2,244,93,218,"05-4月 -19 12.00.00.000000000 上午",189,348,0,1176,2175
1.3,377,96.5,314,"07-4月 -19 12.00.00.000000000 上午",295,539,0,1598,3123
2.7,616,89.8,652,"10-4月 -19 12.00.00.000000000 上午",500,840,0,2515,5123
1.9,452,93.1,441,"15-4月 -19 12.00.00.000000000 上午",365,688,0,1812,3758
1.3,316,63.2,353,"16-4月 -19 12.00.00.000000000 上午",207,411,0,1259,2546
1.6,473,96.5,493,"24-4月 -19 12.00.00.000000000 上午",356,766,0,1926,4014
2,559,94.2,552,"26-4月 -19 12.00.00.000000000 上午",433,789,0,2216,4549
1.2,318,104.2,339,"01-5月 -19 12.00.00.000000000 上午",249,449,0,1825,3180
0.1,3,26.8,1,"07-5月 -19 12.00.00.000000000 上午",1,0,0,11,16
1.7,446,95.7,459,"29-5月 -19 12.00.00.000000000 上午",355,690,0,1711,3661
1.2,347,96.4,239,"01-6月 -19 12.00.00.000000000 上午",226,468,0,1288,2568
1.4,291,92.3,229,"06-6月 -19 12.00.00.000000000 上午",240,431,0,1046,2237
1.1,211,98.7,217,"07-6月 -19 12.00.00.000000000 上午",200,320,0,855,1803
1.6,348,94.5,335,"20-6月 -19 12.00.00.000000000 上午",298,537,0,1407,2925
1,1,16.2,8,"25-6月 -19 12.00.00.000000000 上午",0,3,0,32,44
2.7,392,89.1,277,"03-7月 -19 12.00.00.000000000 上午",285,563,0,1682,3199
1.1,237,96.7,163,"07-7月 -19 12.00.00.000000000 上午",236,403,0,785,1824
1.8,276,93.1,264,"22-7月 -19 12.00.00.000000000 上午",229,461,0,1154,2384
0.9,154,98.1,98,"27-7月 -19 12.00.00.000000000 上午",111,253,0,657,1273
1.1,169,97.3,143,"29-7月 -19 12.00.00.000000000 上午",112,296,0,774,1494
1.2,169,98.4,167,"07-8月 -19 12.00.00.000000000 上午",161,300,0,783,1580
1.2,155,97.8,130,"08-8月 -19 12.00.00.000000000 上午",125,267,0,824,1501
1.3,174,96.9,181,"12-8月 -19 12.00.00.000000000 上午",123,238,0,890,1606
0.9,191,94.1,63,"24-8月 -19 12.00.00.000000000 上午",106,260,0,710,1330
0.5,154,52,71,"26-8月 -19 12.00.00.000000000 上午",85,184,0,707,1201
1,277,80.6,216,"22-7月 -18 12.00.00.000000000 上午",210,333,0,3471,4507
25.1,1859,47.1,7714,"23-7月 -18 12.00.00.000000000 上午",1717,2118,0,13854,27262
2.1,474,88.4,425,"26-7月 -18 12.00.00.000000000 上午",341,623,0,3535,5398
2,702,102.5,784,"27-7月 -18 12.00.00.000000000 上午",523,899,0,6692,9600
1.8,636,104,672,"16-8月 -18 12.00.00.000000000 上午",512,787,0,5440,8047
1.6,441,105.5,375,"19-8月 -18 12.00.00.000000000 上午",351,549,0,4768,6484
1.8,692,105.4,693,"20-8月 -18 12.00.00.000000000 上午",516,852,0,5882,8635
1.5,607,104.7,643,"27-8月 -18 12.00.00.000000000 上午",422,762,0,4226,6660
1.1,409,105,381,"02-9月 -18 12.00.00.000000000 上午",285,500,0,3181,4756
1.9,634,101.8,789,"07-9月 -18 12.00.00.000000000 上午",538,872,0,4545,7378
1.8,622,104.1,771,"26-9月 -18 12.00.00.000000000 上午",518,737,0,4536,7184
2.1,698,101.7,776,"27-9月 -18 12.00.00.000000000 上午",552,839,0,4952,7817
8.7,689,46.5,1726,"12-10月-18 12.00.00.000000000 上午",909,711,0,5469,9504
1.9,669,101.3,728,"17-10月-18 12.00.00.000000000 上午",480,751,0,4076,6704
1,155,80.2,221,"15-11月-18 12.00.00.000000000 上午",131,210,0,1147,1864
1.2,70,81.9,105,"19-11月-18 12.00.00.000000000 上午",68,96,0,1076,1415
15.9,2193,64.2,6590,"08-12月-18 12.00.00.000000000 上午",2446,2658,0,17621,31508
1.3,392,110.8,375,"01-1月 -19 12.00.00.000000000 上午",337,484,0,4985,6573
2.1,1010,102,894,"03-1月 -19 12.00.00.000000000 上午",661,1224,0,6879,10668
3.4,900,95.5,1186,"04-1月 -19 12.00.00.000000000 上午",698,1107,0,5904,9795
1.4,163,83.4,169,"14-1月 -19 12.00.00.000000000 上午",114,217,0,3798,4461
14,453,64.3,1973,"23-1月 -19 12.00.00.000000000 上午",450,521,0,4335,7732
0.5,18,36.5,6,"21-2月 -19 12.00.00.000000000 上午",8,14,0,315,361
2.3,323,78.3,254,"28-2月 -19 12.00.00.000000000 上午",173,462,0,1511,2723
1.7,78,43.6,108,"01-3月 -19 12.00.00.000000000 上午",76,158,0,448,868
14.7,854,58.1,3763,"03-3月 -19 12.00.00.000000000 上午",1143,1144,0,5361,12265
1.5,25,68,26,"07-3月 -19 12.00.00.000000000 上午",17,28,0,176,272
1.8,540,94.8,542,"09-4月 -19 12.00.00.000000000 上午",450,846,0,2247,4625
1.6,335,77.4,470,"25-4月 -19 12.00.00.000000000 上午",296,477,0,1526,3104
0.7,156,42.8,146,"29-4月 -19 12.00.00.000000000 上午",146,269,0,790,1507
0.5,24,61.3,24,"02-5月 -19 12.00.00.000000000 上午",26,26,0,122,222
1.6,412,98.6,393,"14-5月 -19 12.00.00.000000000 上午",336,576,0,1882,3599
1.7,503,97.4,524,"20-5月 -19 12.00.00.000000000 上午",380,705,0,2308,4420
2,393,96.6,408,"24-5月 -19 12.00.00.000000000 上午",341,676,0,1813,3631
1.1,206,97.5,191,"26-5月 -19 12.00.00.000000000 上午",189,326,0,879,1791
1.7,422,92.8,403,"30-5月 -19 12.00.00.000000000 上午",294,550,0,1453,3122
1.6,364,92.8,287,"04-6月 -19 12.00.00.000000000 上午",258,514,0,1353,2776
1.6,321,79,353,"05-6月 -19 12.00.00.000000000 上午",232,455,0,1313,2674
1.4,257,73.3,256,"24-6月 -19 12.00.00.000000000 上午",171,297,0,1174,2155
2.1,355,94.3,388,"28-6月 -19 12.00.00.000000000 上午",341,562,0,1477,3123
2.2,327,92.8,356,"05-7月 -19 12.00.00.000000000 上午",297,531,0,1260,2771
1.2,323,94.9,202,"13-7月 -19 12.00.00.000000000 上午",194,485,0,1155,2359
0.7,169,62.1,74,"21-7月 -19 12.00.00.000000000 上午",120,254,0,572,1189
1.5,254,91.7,187,"23-7月 -19 12.00.00.000000000 上午",165,331,0,1021,1958
0.8,129,101,69,"11-8月 -19 12.00.00.000000000 上午",76,178,0,531,983
1.5,91,83.8,54,"31-8月 -19 12.00.00.000000000 上午",65,135,0,381,726
0.9,162,93.8,74,"08-9月 -19 12.00.00.000000000 上午",90,190,0,627,1143
1.2,183,97.4,175,"11-9月 -19 12.00.00.000000000 上午",150,281,0,948,1737
19.3,2413,53.4,6819,"27-5月 -18 12.00.00.000000000 上午",2248,2607,0,21863,35950
14.6,1824,49.2,5109,"28-5月 -18 12.00.00.000000000 上午",1472,1994,0,15769,26168
14.9,1682,50.9,4104,"29-5月 -18 12.00.00.000000000 上午",1550,1910,0,14913,24159
19.8,2961,51.5,7282,"30-5月 -18 12.00.00.000000000 上午",2232,3138,0,25085,40698
22.6,2626,44.3,7282,"31-5月 -18 12.00.00.000000000 上午",2439,2791,0,23615,38753
21.6,1144,43.1,3594,"01-6月 -18 12.00.00.000000000 上午",876,1237,0,11420,18271
24.5,1964,51.3,5878,"11-6月 -18 12.00.00.000000000 上午",1456,2107,0,16519,27924
23.9,1598,44.2,6688,"12-6月 -18 12.00.00.000000000 上午",1946,1962,0,16346,28540
1.4,356,95.8,302,"08-7月 -19 12.00.00.000000000 上午",279,547,0,1256,2740
0.8,140,70.6,70,"02-8月 -19 12.00.00.000000000 上午",83,166,0,569,1028
1.2,160,95.9,87,"14-8月 -19 12.00.00.000000000 上午",82,181,0,670,1180
0.9,173,92.1,68,"17-8月 -19 12.00.00.000000000 上午",109,220,0,702,1272
0.4,45,64.4,31,"18-8月 -19 12.00.00.000000000 上午",38,68,0,242,424
0.4,82,58.8,29,"25-8月 -19 12.00.00.000000000 上午",45,113,0,296,565
1.2,191,94.9,131,"28-8月 -19 12.00.00.000000000 上午",134,318,0,755,1529
1.2,212,92.7,113,"30-8月 -19 12.00.00.000000000 上午",119,320,0,885,1649
1.3,92,56.4,118,"02-9月 -19 12.00.00.000000000 上午",59,128,0,580,977
0.9,81,97.4,49,"13-9月 -19 12.00.00.000000000 上午",52,115,0,417,714
1.3,154,58.7,118,"17-9月 -19 12.00.00.000000000 上午",94,201,0,747,1314
2.3,607,82.4,627,"20-7月 -18 12.00.00.000000000 上午",391,679,0,4650,6954
18.7,816,46.4,4025,"30-7月 -18 12.00.00.000000000 上午",1118,897,0,8572,15428
1.9,822,105,862,"14-8月 -18 12.00.00.000000000 上午",585,1005,0,6871,10145
1.8,613,102.2,638,"21-8月 -18 12.00.00.000000000 上午",455,782,0,4839,7327
1.1,450,110.3,441,"25-8月 -18 12.00.00.000000000 上午",410,582,0,4483,6366
3.8,711,89.8,421,"30-8月 -18 12.00.00.000000000 上午",372,703,0,5849,8056
1.9,602,100.6,732,"04-9月 -18 12.00.00.000000000 上午",484,769,0,4292,6879
2.9,726,100.6,995,"18-9月 -18 12.00.00.000000000 上午",521,909,0,5126,8277
2.9,720,101.4,1014,"21-9月 -18 12.00.00.000000000 上午",548,795,0,4936,8013
10.1,1112,56.1,2960,"04-10月-18 12.00.00.000000000 上午",1157,1174,0,8696,15099
12.7,1409,65.2,4049,"26-10月-18 12.00.00.000000000 上午",1398,1590,0,10703,19149
8,148,60.1,687,"28-10月-18 12.00.00.000000000 上午",156,209,0,1369,2569
9.4,177,55.4,713,"29-10月-18 12.00.00.000000000 上午",216,180,0,2491,3777
3,412,85.9,673,"30-10月-18 12.00.00.000000000 上午",328,577,0,2875,4865
5.2,523,76.9,1575,"01-11月-18 12.00.00.000000000 上午",408,530,0,5140,8176
4.7,297,72.8,922,"11-11月-18 12.00.00.000000000 上午",283,408,0,3266,5176
0.3,0,79.1,0,"17-11月-18 12.00.00.000000000 上午",0,0,0,1083,1083
2.2,752,99.5,751,"28-11月-18 12.00.00.000000000 上午",549,881,0,4602,7535
3.6,800,98.3,1025,"06-12月-18 12.00.00.000000000 上午",600,997,0,4932,8354
18.1,1874,55.6,5873,"09-12月-18 12.00.00.000000000 上午",2590,2316,0,15667,28320
13.4,1098,62.7,3470,"20-12月-18 12.00.00.000000000 上午",1165,1385,0,8864,15982
4.1,620,92.4,959,"24-12月-18 12.00.00.000000000 上午",534,791,0,5162,8066
0.3,0,69.3,0,"20-1月 -19 12.00.00.000000000 上午",0,0,0,1096,1096
5.3,116,62.2,612,"25-1月 -19 12.00.00.000000000 上午",144,170,0,1975,3017
3,219,72.4,495,"30-1月 -19 12.00.00.000000000 上午",169,228,0,2245,3356
3.1,61,86.4,175,"04-2月 -19 12.00.00.000000000 上午",59,93,0,1523,1911
18.7,825,54.4,4743,"12-2月 -19 12.00.00.000000000 上午",908,1028,0,7694,15198
1.1,127,85.6,118,"18-2月 -19 12.00.00.000000000 上午",112,214,0,1680,2251
1.9,383,91.6,387,"24-2月 -19 12.00.00.000000000 上午",272,467,0,2545,4054
1.6,229,86.3,294,"16-3月 -19 12.00.00.000000000 上午",209,376,0,1045,2153
2.3,469,94,626,"20-3月 -19 12.00.00.000000000 上午",511,748,0,1806,4160
1.3,352,78.5,333,"24-3月 -19 12.00.00.000000000 上午",270,423,0,1906,3284
0,0,0,0,"29-3月 -19 12.00.00.000000000 上午",0,0,0,0,0
5.8,304,75.4,372,"06-4月 -19 12.00.00.000000000 上午",257,440,0,1295,2668
2,484,89.1,356,"13-4月 -19 12.00.00.000000000 上午",319,630,0,1953,3742
2.3,68,36.1,105,"28-4月 -19 12.00.00.000000000 上午",48,103,0,385,709
1,223,95.2,127,"30-6月 -19 12.00.00.000000000 上午",200,353,0,889,1792
1.2,284,94.8,195,"14-7月 -19 12.00.00.000000000 上午",231,406,0,1084,2200
0.9,160,96.8,86,"28-7月 -19 12.00.00.000000000 上午",95,230,0,583,1154
0.8,144,97.9,74,"09-8月 -19 12.00.00.000000000 上午",105,189,0,613,1125
0.9,148,96.4,96,"15-8月 -19 12.00.00.000000000 上午",106,240,0,812,1402
1.1,201,94.2,139,"23-8月 -19 12.00.00.000000000 上午",162,258,0,762,1522
2.2,193,87,199,"12-9月 -19 12.00.00.000000000 上午",121,252,0,926,1691
1.8,643,100.2,512,"05-8月 -18 12.00.00.000000000 上午",366,689,0,5688,7898
1.8,775,104.8,770,"07-8月 -18 12.00.00.000000000 上午",546,972,0,6808,9871
1.9,754,103.3,669,"10-8月 -18 12.00.00.000000000 上午",556,885,0,6049,8913
1.3,622,104,537,"15-8月 -18 12.00.00.000000000 上午",414,752,0,5138,7463
2.8,762,102,1095,"10-9月 -18 12.00.00.000000000 上午",630,953,0,5387,8827
2.4,726,103.9,986,"20-9月 -18 12.00.00.000000000 上午",571,855,0,5021,8159
1.5,538,109.8,686,"22-9月 -18 12.00.00.000000000 上午",472,687,0,4546,6929
1.9,620,105.3,789,"25-9月 -18 12.00.00.000000000 上午",513,802,0,4225,6949
1.8,510,101.2,594,"30-9月 -18 12.00.00.000000000 上午",465,631,0,4484,6684
1.2,245,104.3,358,"01-10月-18 12.00.00.000000000 上午",234,307,0,3524,4668
2.1,202,99,286,"03-10月-18 12.00.00.000000000 上午",226,314,0,2838,3866
11.3,685,53.4,2349,"05-10月-18 12.00.00.000000000 上午",1341,767,0,5378,10520
21.2,1422,51,5876,"06-10月-18 12.00.00.000000000 上午",1542,1522,0,10489,20851
2.2,287,82,309,"22-10月-18 12.00.00.000000000 上午",236,401,0,2586,3819
4.5,544,73.8,1204,"24-10月-18 12.00.00.000000000 上午",479,596,0,3617,6440
13.2,1129,60.6,3614,"27-10月-18 12.00.00.000000000 上午",1188,1221,0,10234,17386
0.8,17,79.9,27,"02-11月-18 12.00.00.000000000 上午",24,36,0,1063,1167
1.5,383,87.1,334,"07-11月-18 12.00.00.000000000 上午",306,474,0,2908,4405
10.5,593,70.9,1979,"07-12月-18 12.00.00.000000000 上午",612,601,0,5536,9321
22,2319,49.1,7726,"12-12月-18 12.00.00.000000000 上午",2555,2814,0,22363,37777
15.6,323,57,1615,"26-12月-18 12.00.00.000000000 上午",376,395,0,4037,6746
5,136,77.4,520,"28-12月-18 12.00.00.000000000 上午",381,148,0,2949,4134
3.2,897,100.1,1179,"07-1月 -19 12.00.00.000000000 上午",658,1129,0,6456,10319
2.1,134,78.4,117,"10-1月 -19 12.00.00.000000000 上午",131,173,0,942,1497
2.2,348,88.3,320,"12-1月 -19 12.00.00.000000000 上午",259,492,0,2557,3976
0.7,2,85,11,"16-1月 -19 12.00.00.000000000 上午",14,19,0,5339,5385
2.3,172,71.6,286,"26-1月 -19 12.00.00.000000000 上午",159,234,0,2898,3749
6.1,94,56.1,224,"12-3月 -19 12.00.00.000000000 上午",86,145,0,442,991
1.1,161,66.3,138,"19-3月 -19 12.00.00.000000000 上午",137,204,0,637,1277
1.9,489,90.8,516,"21-3月 -19 12.00.00.000000000 上午",373,759,0,1876,4013
1.8,417,85.5,377,"03-4月 -19 12.00.00.000000000 上午",278,562,0,1402,3036
0.2,9,30.3,11,"03-5月 -19 12.00.00.000000000 上午",12,19,0,38,89
1,56,63,75,"06-5月 -19 12.00.00.000000000 上午",47,84,0,183,445
1.9,588,97.4,566,"15-5月 -19 12.00.00.000000000 上午",465,782,0,2518,4919
1.4,400,101.8,372,"18-5月 -19 12.00.00.000000000 上午",314,561,0,1778,3425
1,203,97.3,191,"08-6月 -19 12.00.00.000000000 上午",171,277,0,794,1636
1.3,262,88.9,133,"13-6月 -19 12.00.00.000000000 上午",135,296,0,956,1782
1.8,377,95.9,450,"18-6月 -19 12.00.00.000000000 上午",328,554,0,1530,3239
1.9,409,95.8,416,"21-6月 -19 12.00.00.000000000 上午",333,544,0,1529,3231
0.9,277,56.3,144,"26-6月 -19 12.00.00.000000000 上午",170,351,0,777,1719
1.2,294,96.1,228,"06-7月 -19 12.00.00.000000000 上午",261,474,0,1064,2321
1.6,481,90.9,340,"10-7月 -19 12.00.00.000000000 上午",270,629,0,1670,3390
1.4,364,93.7,262,"16-7月 -19 12.00.00.000000000 上午",225,498,0,1244,2593
1.6,275,94,222,"17-7月 -19 12.00.00.000000000 上午",206,431,0,1287,2421
1.5,338,92.2,214,"19-7月 -19 12.00.00.000000000 上午",211,435,0,1177,2375
1,174,96,116,"03-8月 -19 12.00.00.000000000 上午",129,257,0,683,1359
1.1,150,96.3,91,"13-8月 -19 12.00.00.000000000 上午",88,207,0,826,1362
1.2,190,95.1,135,"29-8月 -19 12.00.00.000000000 上午",113,302,0,814,1554
0.8,110,95.3,50,"01-9月 -19 12.00.00.000000000 上午",85,184,0,430,859
1,123,85.3,60,"05-9月 -19 12.00.00.000000000 上午",89,181,0,420,873
1.6,170,88.6,85,"07-9月 -19 12.00.00.000000000 上午",89,181,0,673,1198
1.3,124,97.4,146,"10-9月 -19 12.00.00.000000000 上午",97,206,0,693,1266
2.2,85,89,97,"18-9月 -19 12.00.00.000000000 上午",52,120,0,400,754
18.1,1276,54.6,5184,"12-7月 -18 12.00.00.000000000 上午",1268,1525,0,11291,20544
1.7,678,98.9,613,"19-7月 -18 12.00.00.000000000 上午",437,825,0,5852,8405
1.8,906,107.8,845,"09-8月 -18 12.00.00.000000000 上午",625,1002,0,8114,11492
1.9,826,106,903,"13-8月 -18 12.00.00.000000000 上午",620,1050,0,7581,10980
1.6,732,106.5,657,"17-8月 -18 12.00.00.000000000 上午",534,858,0,6610,9391
1.6,581,101.6,554,"23-8月 -18 12.00.00.000000000 上午",456,758,0,4837,7186
3.2,842,98.1,691,"31-8月 -18 12.00.00.000000000 上午",498,859,0,5983,8873
2.6,639,103.6,748,"13-9月 -18 12.00.00.000000000 上午",447,744,0,4799,7377
1.9,339,106.8,319,"17-9月 -18 12.00.00.000000000 上午",251,397,0,2814,4120
0.9,244,111.3,321,"24-9月 -18 12.00.00.000000000 上午",214,313,0,2453,3545
1.8,450,97.7,531,"29-9月 -18 12.00.00.000000000 上午",409,584,0,3021,4995
12.2,1282,60.9,3345,"14-10月-18 12.00.00.000000000 上午",1514,1520,0,8814,16475
26,1765,41,8021,"13-6月 -18 12.00.00.000000000 上午",2018,1981,0,18300,32085
20.8,2780,49.1,7825,"14-6月 -18 12.00.00.000000000 上午",2793,3273,0,22856,39527
24,2194,40.2,7471,"15-6月 -18 12.00.00.000000000 上午",2381,2606,0,22170,36822
14.4,1386,41.8,4703,"16-6月 -18 12.00.00.000000000 上午",1625,1697,0,11698,21109
12.2,1031,43.1,4265,"17-6月 -18 12.00.00.000000000 上午",1083,1229,0,8282,15890
7.4,731,50.9,2342,"18-6月 -18 12.00.00.000000000 上午",660,924,0,5589,10246
23.3,2240,54.4,8128,"19-6月 -18 12.00.00.000000000 上午",2138,2613,0,18374,33493
22.4,2415,53.2,8246,"20-6月 -18 12.00.00.000000000 上午",2259,2802,0,18685,34407
21.3,2156,51.8,7037,"21-6月 -18 12.00.00.000000000 上午",1947,2368,0,17517,31025
20.6,2194,52.9,7876,"22-6月 -18 12.00.00.000000000 上午",1963,2586,0,15498,30117
12.4,526,37.5,2977,"23-6月 -18 12.00.00.000000000 上午",821,685,0,5493,10502
6.3,423,32.2,1275,"24-6月 -18 12.00.00.000000000 上午",330,425,0,3496,5949
11.7,1177,41.4,3774,"25-6月 -18 12.00.00.000000000 上午",1096,1329,0,9785,17161
12.6,670,53.3,2383,"26-6月 -18 12.00.00.000000000 上午",919,759,0,6241,10972
6,192,56.5,889,"27-6月 -18 12.00.00.000000000 上午",224,216,0,1493,3014
7.6,528,59,2026,"28-6月 -18 12.00.00.000000000 上午",565,699,0,4941,8759
11.8,944,38.2,3613,"29-6月 -18 12.00.00.000000000 上午",811,1099,0,6351,12818
16.2,1447,31,5112,"30-6月 -18 12.00.00.000000000 上午",1485,1772,0,13092,22908
8.6,934,36.2,2438,"01-7月 -18 12.00.00.000000000 上午",796,1100,0,5968,11236
11.2,989,31.4,3059,"02-7月 -18 12.00.00.000000000 上午",974,1120,0,7280,13422
0,0,0,0,"03-7月 -18 12.00.00.000000000 上午",0,0,0,0,0
8.3,1048,24.9,3144,"04-7月 -18 12.00.00.000000000 上午",897,1225,0,9069,15383
13.9,716,34.6,2709,"05-7月 -18 12.00.00.000000000 上午",1015,787,0,8020,13247
19.6,1286,48.9,4981,"06-7月 -18 12.00.00.000000000 上午",2052,1581,0,12186,22086
23,1659,43.7,6914,"07-7月 -18 12.00.00.000000000 上午",2379,2167,0,15824,28943
17.2,1475,52.1,4854,"08-7月 -18 12.00.00.000000000 上午",1506,1608,0,9422,18865
17.4,1439,38.9,4945,"09-7月 -18 12.00.00.000000000 上午",1450,1611,0,12858,22303
16.6,953,27.4,3836,"10-7月 -18 12.00.00.000000000 上午",1079,1141,0,9087,16096
1.7,817,103.9,569,"14-7月 -18 12.00.00.000000000 上午",520,896,0,6524,9326
1.6,615,102.2,621,"21-7月 -18 12.00.00.000000000 上午",421,726,0,6588,8971
2.2,668,102.9,695,"28-7月 -18 12.00.00.000000000 上午",457,706,0,6607,9133
2.2,927,104.3,928,"06-8月 -18 12.00.00.000000000 上午",646,1071,0,8324,11896
1.9,621,101.1,586,"08-9月 -18 12.00.00.000000000 上午",437,738,0,5238,7620
1.8,645,106,880,"12-9月 -18 12.00.00.000000000 上午",526,778,0,5283,8112
1.2,408,111.5,520,"23-9月 -18 12.00.00.000000000 上午",365,508,0,4044,5845
7.9,641,73.7,2359,"04-11月-18 12.00.00.000000000 上午",680,861,0,5714,10255
1.1,214,82,203,"09-11月-18 12.00.00.000000000 上午",145,219,0,1744,2525
1.7,214,85.6,265,"13-11月-18 12.00.00.000000000 上午",166,311,0,1892,2848
2.6,313,85.3,272,"21-11月-18 12.00.00.000000000 上午",199,363,0,2281,3428
3.4,549,85.8,756,"04-12月-18 12.00.00.000000000 上午",466,796,0,3518,6085
22.5,1436,39.5,5620,"15-12月-18 12.00.00.000000000 上午",2457,1879,0,13030,24422
1.8,269,87.3,401,"05-1月 -19 12.00.00.000000000 上午",262,349,0,2035,3316
2.6,1066,104.4,1173,"08-1月 -19 12.00.00.000000000 上午",765,1285,0,8023,12312
1.2,178,82.9,220,"11-1月 -19 12.00.00.000000000 上午",135,254,0,2274,3061
3.6,211,74.1,695,"21-1月 -19 12.00.00.000000000 上午",240,246,0,4617,6009
1,147,51.1,161,"02-2月 -19 12.00.00.000000000 上午",143,161,0,1650,2262
9.4,210,60.9,1091,"10-2月 -19 12.00.00.000000000 上午",338,260,0,3732,5631
19.7,1129,50.2,5509,"11-2月 -19 12.00.00.000000000 上午",1363,1206,0,10712,19919
11.7,586,61.9,2389,"13-2月 -19 12.00.00.000000000 上午",708,751,0,5660,10094
1.1,150,77.6,124,"23-2月 -19 12.00.00.000000000 上午",110,214,0,916,1514
8.6,486,63.9,1572,"06-3月 -19 12.00.00.000000000 上午",512,542,0,3118,6230
2.2,560,92.3,650,"25-3月 -19 12.00.00.000000000 上午",450,812,0,2119,4591
0.6,117,39,142,"28-3月 -19 12.00.00.000000000 上午",80,176,0,472,987
0,0,0,0,"30-3月 -19 12.00.00.000000000 上午",0,0,0,0,0
1.9,462,96,505,"30-4月 -19 12.00.00.000000000 上午",370,703,0,2286,4326
1.7,429,95.7,409,"31-5月 -19 12.00.00.000000000 上午",311,684,0,1580,3413
1.4,249,95,231,"12-6月 -19 12.00.00.000000000 上午",174,343,0,1024,2021
1.2,280,95.3,176,"29-6月 -19 12.00.00.000000000 上午",218,411,0,952,2037
1.5,334,90.4,255,"01-7月 -19 12.00.00.000000000 上午",249,428,0,1283,2549
10.2,762,34.5,1445,"30-7月 -17 12.00.00.000000000 上午",481,910,0,4303,7901
11.9,1119,54.2,2235,"31-7月 -17 12.00.00.000000000 上午",772,1353,0,6043,11522
16.3,1154,44,2222,"01-8月 -17 12.00.00.000000000 上午",755,1245,0,7622,12998
12.1,559,26.6,1302,"02-8月 -17 12.00.00.000000000 上午",388,634,0,3684,6567
9.1,370,16.7,801,"03-8月 -17 12.00.00.000000000 上午",264,400,0,2487,4322
7.8,387,17.6,849,"04-8月 -17 12.00.00.000000000 上午",298,444,0,2386,4364
10.1,611,25.5,1257,"05-8月 -17 12.00.00.000000000 上午",447,739,0,4006,7060
15.4,901,35.8,1722,"06-8月 -17 12.00.00.000000000 上午",632,1067,0,6094,10416
18.5,1192,39.6,2264,"07-8月 -17 12.00.00.000000000 上午",789,1314,0,8555,14114
18.3,1502,48.7,2662,"08-8月 -17 12.00.00.000000000 上午",958,1715,0,10508,17345
17.3,1136,43.2,2270,"09-8月 -17 12.00.00.000000000 上午",772,1333,0,8089,13600
15.3,1123,44.3,2214,"10-8月 -17 12.00.00.000000000 上午",787,1269,0,6974,12367
18.2,1183,39,2163,"11-8月 -17 12.00.00.000000000 上午",823,1387,0,8814,14370
16.9,1079,40.8,2127,"12-8月 -17 12.00.00.000000000 上午",774,1318,0,8167,13465
16.4,1367,48.1,2539,"13-8月 -17 12.00.00.000000000 上午",1001,1537,0,8851,15295
14.3,1299,52.5,2418,"14-8月 -17 12.00.00.000000000 上午",893,1599,0,8066,14275
18,1136,42.6,2210,"15-8月 -17 12.00.00.000000000 上午",747,1331,0,8332,13756
12.1,801,34.9,1719,"16-8月 -17 12.00.00.000000000 上午",564,919,0,5268,9271
12.4,710,33,1475,"17-8月 -17 12.00.00.000000000 上午",497,881,0,4446,8009
8,628,32.4,1260,"18-8月 -17 12.00.00.000000000 上午",444,742,0,3444,6518
8.8,687,32,1322,"19-8月 -17 12.00.00.000000000 上午",441,743,0,3517,6710
7.6,734,37.6,1467,"20-8月 -17 12.00.00.000000000 上午",500,863,0,3319,6883
9.9,705,33.6,1486,"21-8月 -17 12.00.00.000000000 上午",467,831,0,4409,7898
6.5,681,29.2,1156,"22-8月 -17 12.00.00.000000000 上午",413,737,0,3165,6152
21.1,1672,42.6,2942,"23-8月 -17 12.00.00.000000000 上午",1100,1958,0,13451,21123
12.2,799,28.6,1514,"24-8月 -17 12.00.00.000000000 上午",542,962,0,5959,9776
4.6,244,15.8,599,"25-8月 -17 12.00.00.000000000 上午",174,277,0,1512,2806
12.2,556,21.7,1222,"26-8月 -17 12.00.00.000000000 上午",409,685,0,4502,7374
21.8,1027,30.2,2001,"27-8月 -17 12.00.00.000000000 上午",676,1116,0,10312,15132
10.6,213,10.9,534,"28-8月 -17 12.00.00.000000000 上午",176,226,0,1857,3006
7.4,459,20.8,977,"29-8月 -17 12.00.00.000000000 上午",353,627,0,2962,5378
9.6,427,20,963,"30-8月 -17 12.00.00.000000000 上午",294,460,0,2891,5035
6.5,39,10,148,"31-8月 -17 12.00.00.000000000 上午",36,62,0,251,536
11.1,876,32.1,1626,"01-9月 -17 12.00.00.000000000 上午",632,1041,0,5631,9806
13,872,27.4,1505,"02-9月 -17 12.00.00.000000000 上午",566,970,0,5957,9870
21.4,1065,33.4,2108,"03-9月 -17 12.00.00.000000000 上午",693,1289,0,10088,15243
10.3,285,15.7,694,"04-9月 -17 12.00.00.000000000 上午",244,352,0,2716,4291
6.1,308,16.3,684,"05-9月 -17 12.00.00.000000000 上午",249,367,0,2129,3737
6.8,314,16.1,700,"06-9月 -17 12.00.00.000000000 上午",242,362,0,2147,3765
3.7,303,23.9,735,"07-9月 -17 12.00.00.000000000 上午",253,417,0,1581,3289
4,307,14.2,555,"08-9月 -17 12.00.00.000000000 上午",218,365,0,2148,3593
4.8,827,50.4,1072,"09-9月 -17 12.00.00.000000000 上午",467,931,0,4866,8163
1.9,211,12.6,415,"10-9月 -17 12.00.00.000000000 上午",124,266,0,1274,2290
4.8,626,39.6,995,"11-9月 -17 12.00.00.000000000 上午",390,756,0,3703,6470
3.5,432,31,807,"12-9月 -17 12.00.00.000000000 上午",328,494,0,1780,3841
3.5,348,28.3,727,"13-9月 -17 12.00.00.000000000 上午",292,466,0,1678,3511
3.3,410,33.2,807,"14-9月 -17 12.00.00.000000000 上午",260,500,0,1825,3802
2.3,290,31,648,"15-9月 -17 12.00.00.000000000 上午",227,387,0,1172,2724
3.2,424,32.9,846,"16-9月 -17 12.00.00.000000000 上午",329,474,0,1700,3773
3.3,249,18.8,472,"17-9月 -17 12.00.00.000000000 上午",159,294,0,874,2048
0.2,26,3.9,69,"18-9月 -17 12.00.00.000000000 上午",26,31,0,69,221
3.4,456,24.8,661,"19-9月 -17 12.00.00.000000000 上午",281,505,0,2662,4565
1.3,129,11.2,284,"20-9月 -17 12.00.00.000000000 上午",105,164,0,507,1189
18,748,45.8,3587,"11-7月 -18 12.00.00.000000000 上午",1253,933,0,6462,12983
3.9,1324,85.2,1449,"13-7月 -18 12.00.00.000000000 上午",876,1557,0,10021,15227
2.1,998,101.9,834,"18-7月 -18 12.00.00.000000000 上午",566,1021,0,6663,10082
20.8,1483,60.6,6485,"24-7月 -18 12.00.00.000000000 上午",1349,1706,0,11193,22216
5.1,246,30.4,967,"25-7月 -18 12.00.00.000000000 上午",190,276,0,2420,4099
1.8,412,95.3,359,"29-7月 -18 12.00.00.000000000 上午",249,420,0,5066,6506
9.1,444,78.9,1564,"31-7月 -18 12.00.00.000000000 上午",432,527,0,4418,7385
45.5,0,41.1,7265,"11-7月 -20 12.00.00.000000000 上午",0,2769,0,34429,44463
38.1,0,26.7,2228,"03-8月 -20 12.00.00.000000000 上午",0,804,0,10100,13132
38.8,0,28.5,1956,"05-8月 -20 12.00.00.000000000 上午",0,691,0,9732,12379
42.5,0,18.5,1420,"04-8月 -20 12.00.00.000000000 上午",0,519,0,7733,9672
39.9,0,33.4,2967,"12-8月 -20 12.00.00.000000000 上午",0,1151,0,14591,18709
46.9,0,42.1,4774,"11-8月 -20 12.00.00.000000000 上午",0,1894,0,27024,33692
32.9,0,33.7,2429,"13-8月 -20 12.00.00.000000000 上午",0,899,0,11886,15214
35.5,0,35.9,3806,"14-8月 -20 12.00.00.000000000 上午",0,1356,0,18552,23714
35.3,0,29.6,2175,"18-8月 -20 12.00.00.000000000 上午",0,758,0,11017,13950
38.3,0,29.6,2370,"16-8月 -20 12.00.00.000000000 上午",0,906,0,12721,15997
37.4,0,40,4311,"15-8月 -20 12.00.00.000000000 上午",0,1658,0,21559,27528
33.3,0,34.3,2378,"17-8月 -20 12.00.00.000000000 上午",0,815,0,9748,12941
36.7,0,54.6,6194,"26-8月 -20 12.00.00.000000000 上午",0,2429,0,30553,39176
33,0,31.8,2735,"21-8月 -20 12.00.00.000000000 上午",0,1011,0,14117,17863
39.7,0,43.1,3897,"19-8月 -20 12.00.00.000000000 上午",0,1624,0,22041,27562
31.6,0,33.9,2306,"20-8月 -20 12.00.00.000000000 上午",0,835,0,11539,14680
34.6,0,28.6,2111,"22-8月 -20 12.00.00.000000000 上午",0,764,0,10306,13181
33.5,0,47.3,4093,"23-8月 -20 12.00.00.000000000 上午",0,1625,0,20784,26502
41,0,48.6,5656,"24-8月 -20 12.00.00.000000000 上午",0,2324,0,32294,40274
40.9,0,49.8,5812,"25-8月 -20 12.00.00.000000000 上午",0,2438,0,31521,39771
42.4,0,24.5,2049,"30-8月 -20 12.00.00.000000000 上午",0,680,0,9413,12142
39,0,38.4,3666,"27-8月 -20 12.00.00.000000000 上午",0,1441,0,19432,24539
37.7,0,39.8,3327,"28-8月 -20 12.00.00.000000000 上午",0,1188,0,16171,20686
41.8,0,34.6,3068,"29-8月 -20 12.00.00.000000000 上午",0,1130,0,16727,20925
36.8,0,39.6,3481,"31-8月 -20 12.00.00.000000000 上午",0,1340,0,15899,20720
30.8,0,41.9,2676,"01-9月 -20 12.00.00.000000000 上午",0,952,0,11094,14722
38,0,25.7,2011,"19-9月 -20 12.00.00.000000000 上午",0,781,0,11471,14263
44,0,25.8,2215,"21-9月 -20 12.00.00.000000000 上午",0,904,0,13568,16687
44.3,0,20.3,1709,"18-9月 -20 12.00.00.000000000 上午",0,616,0,10070,12395
37.2,0,16.6,1101,"20-9月 -20 12.00.00.000000000 上午",0,384,0,5960,7445
47.2,0,24.4,2616,"27-9月 -20 12.00.00.000000000 上午",0,915,0,15798,19329
44.9,0,15.9,1358,"29-9月 -20 12.00.00.000000000 上午",0,471,0,7135,8964
44.8,0,20.4,1934,"01-10月-20 12.00.00.000000000 上午",0,725,0,11893,14552
44.2,0,17.6,1666,"02-10月-20 12.00.00.000000000 上午",0,578,0,10340,12584
41,0,19.6,1546,"03-10月-20 12.00.00.000000000 上午",0,554,0,10004,12104
59.2,0,20.3,2754,"07-10月-20 12.00.00.000000000 上午",0,1058,0,20686,24498
53.2,0,27.2,3149,"08-10月-20 12.00.00.000000000 上午",0,1194,0,22284,26627
38.5,0,14,1077,"05-10月-20 12.00.00.000000000 上午",0,359,0,5679,7115
40.3,0,21.4,1807,"30-9月 -20 12.00.00.000000000 上午",0,649,0,10607,13063
41.7,0,19.7,1530,"04-10月-20 12.00.00.000000000 上午",0,544,0,9621,11695
41.4,0,14.9,1319,"28-9月 -20 12.00.00.000000000 上午",0,469,0,7397,9185
52.7,0,14.7,1811,"06-10月-20 12.00.00.000000000 上午",0,619,0,13237,15667
12.3,0,84.6,1223,"26-10月-20 12.00.00.000000000 上午",0,964,0,6329,8516
9.9,0,86.8,1273,"31-10月-20 12.00.00.000000000 上午",0,1022,0,6786,9081
13.1,0,81.8,1956,"30-10月-20 12.00.00.000000000 上午",0,1457,0,9407,12820
10.8,0,84.8,1669,"29-10月-20 12.00.00.000000000 上午",0,1206,0,7984,10859
9.6,0,82.8,1506,"01-11月-20 12.00.00.000000000 上午",0,935,0,6411,8852
8.9,0,85.2,1346,"27-10月-20 12.00.00.000000000 上午",0,1206,0,7374,9926
10,0,83.3,1123,"28-10月-20 12.00.00.000000000 上午",0,919,0,6469,8511
9.5,0,84.1,1316,"04-11月-20 12.00.00.000000000 上午",0,979,0,6056,8351
18,0,83.4,4351,"09-11月-20 12.00.00.000000000 上午",0,2660,0,17467,24478
12,0,85.1,2953,"02-11月-20 12.00.00.000000000 上午",0,2334,0,13497,18784
12.9,0,84.6,1817,"11-11月-20 12.00.00.000000000 上午",0,1136,0,8103,11056
14,0,86.9,2995,"03-11月-20 12.00.00.000000000 上午",0,2312,0,14885,20192
9.3,0,79.5,1933,"05-11月-20 12.00.00.000000000 上午",0,1363,0,8569,11865
10.3,0,89,1675,"06-11月-20 12.00.00.000000000 上午",0,1107,0,7865,10647
12.4,0,89.1,2657,"07-11月-20 12.00.00.000000000 上午",0,1767,0,11495,15919
19.5,0,84.9,5134,"08-11月-20 12.00.00.000000000 上午",0,3243,0,20125,28502
12.9,0,83.6,1943,"10-11月-20 12.00.00.000000000 上午",0,1207,0,8781,11931
46.2,0,35.6,5417,"23-7月 -20 12.00.00.000000000 上午",0,2241,0,29208,36866
49.3,0,36.9,5564,"24-7月 -20 12.00.00.000000000 上午",0,2300,0,30880,38744
43.8,0,47.9,6998,"26-7月 -20 12.00.00.000000000 上午",0,2988,0,37192,47178
40.8,0,51.5,6585,"25-7月 -20 12.00.00.000000000 上午",0,2687,0,33783,43055
44.5,0,25.6,2427,"26-9月 -20 12.00.00.000000000 上午",0,887,0,15567,18881
44.8,0,25.6,2407,"25-9月 -20 12.00.00.000000000 上午",0,878,0,14172,17457
45.4,0,45.4,7032,"27-7月 -20 12.00.00.000000000 上午",0,2925,0,35892,45849
48.6,0,38.8,6034,"28-7月 -20 12.00.00.000000000 上午",0,2457,0,32083,40574
32.8,0,32.8,2878,"07-8月 -20 12.00.00.000000000 上午",0,1115,0,13697,17690
36.6,0,43.1,4681,"09-8月 -20 12.00.00.000000000 上午",0,1889,0,23665,30235
38.4,0,25.5,2174,"06-8月 -20 12.00.00.000000000 上午",0,752,0,10706,13632
33.7,0,41.9,3632,"08-8月 -20 12.00.00.000000000 上午",0,1563,0,17985,23180
37.3,0,52.8,4951,"10-8月 -20 12.00.00.000000000 上午",0,2012,0,24759,31722
31.1,0,29,1768,"05-9月 -20 12.00.00.000000000 上午",0,621,0,7481,9870
36,0,33,2821,"06-9月 -20 12.00.00.000000000 上午",0,1072,0,15404,19297
39,0,33.5,2956,"07-9月 -20 12.00.00.000000000 上午",0,1094,0,14360,18410
37.9,0,28.2,2052,"08-9月 -20 12.00.00.000000000 上午",0,767,0,9707,12526
37.4,0,37.6,2710,"02-9月 -20 12.00.00.000000000 上午",0,1083,0,14105,17898
34.9,0,34.9,2918,"04-9月 -20 12.00.00.000000000 上午",0,1052,0,13937,17907
37.7,0,20.5,1695,"09-9月 -20 12.00.00.000000000 上午",0,635,0,8088,10418
36,0,33.3,2637,"03-9月 -20 12.00.00.000000000 上午",0,1039,0,13167,16843
58,0,20.2,1270,"09-10月-20 12.00.00.000000000 上午",0,449,0,9910,11629
47.5,0,38.7,6251,"17-7月 -20 12.00.00.000000000 上午",0,2633,0,32789,41673
43,0,45.5,7195,"18-7月 -20 12.00.00.000000000 上午",0,2803,0,35857,45855
44.2,0,44.7,7140,"19-7月 -20 12.00.00.000000000 上午",0,2784,0,36758,46682
47.2,0,28.7,3520,"22-7月 -20 12.00.00.000000000 上午",0,1432,0,19880,24832
42.2,0,45.7,8059,"09-7月 -20 12.00.00.000000000 上午",0,3103,0,37785,48947
39.8,0,53.3,8246,"06-7月 -20 12.00.00.000000000 上午",0,3202,0,36988,48436
37.2,0,54.8,7890,"05-7月 -20 12.00.00.000000000 上午",0,3035,0,34178,45103
43.2,0,44.9,5977,"14-7月 -20 12.00.00.000000000 上午",0,2428,0,32531,40936
39.2,0,38.2,3605,"31-7月 -20 12.00.00.000000000 上午",0,1322,0,18420,23347
41.1,0,29.4,2902,"02-8月 -20 12.00.00.000000000 上午",0,1075,0,15133,19110
48.2,0,25.3,2418,"29-7月 -20 12.00.00.000000000 上午",0,894,0,14551,17863
43.4,0,23.5,2507,"30-7月 -20 12.00.00.000000000 上午",0,989,0,15386,18882
46.5,0,29.5,2855,"01-8月 -20 12.00.00.000000000 上午",0,1073,0,15810,19738
38.2,0,26.2,1974,"13-9月 -20 12.00.00.000000000 上午",0,681,0,9703,12358
38.3,0,27.2,2669,"16-9月 -20 12.00.00.000000000 上午",0,1031,0,14321,18021
41.8,0,25.2,2103,"17-9月 -20 12.00.00.000000000 上午",0,750,0,12522,15375
37.2,0,28.1,2209,"10-9月 -20 12.00.00.000000000 上午",0,885,0,12952,16046
39.8,0,17.3,1250,"15-9月 -20 12.00.00.000000000 上午",0,405,0,6246,7901
37.8,0,36.2,2876,"11-9月 -20 12.00.00.000000000 上午",0,1116,0,16134,20126
40.2,0,32.3,2724,"12-9月 -20 12.00.00.000000000 上午",0,945,0,13414,17083
36.5,0,27.8,2218,"14-9月 -20 12.00.00.000000000 上午",0,861,0,11537,14616
36.3,0,62.7,5725,"24-6月 -20 12.00.00.000000000 上午",0,2267,0,22740,30732
35.4,0,66.6,10711,"25-6月 -20 12.00.00.000000000 上午",0,4168,0,41981,56860
36.2,0,64,10304,"26-6月 -20 12.00.00.000000000 上午",0,4003,0,41847,56154
33.7,0,68.6,10133,"27-6月 -20 12.00.00.000000000 上午",0,4183,0,42742,57058
36,0,65.5,9225,"28-6月 -20 12.00.00.000000000 上午",0,3617,0,37656,50498
43,0,24.7,2202,"22-9月 -20 12.00.00.000000000 上午",0,830,0,13021,16053
36.9,0,32,2708,"23-9月 -20 12.00.00.000000000 上午",0,1034,0,13103,16845
44.1,0,22.2,2045,"24-9月 -20 12.00.00.000000000 上午",0,693,0,11897,14635
1.6,641,102.4,586,"22-8月 -18 12.00.00.000000000 上午",450,792,0,5275,7744
1.4,583,104.5,604,"24-8月 -18 12.00.00.000000000 上午",469,732,0,5179,7567
1.4,688,101.5,450,"28-8月 -18 12.00.00.000000000 上午",336,689,0,4752,6915
1.6,635,105.7,757,"05-9月 -18 12.00.00.000000000 上午",478,783,0,4725,7378
1.3,449,105.7,448,"09-9月 -18 12.00.00.000000000 上午",339,600,0,3919,5755
2.2,697,100.9,947,"19-9月 -18 12.00.00.000000000 上午",592,840,0,4883,7959
6.8,909,71.8,1632,"11-10月-18 12.00.00.000000000 上午",1046,1008,0,6195,10790
8.3,453,66.8,1596,"13-10月-18 12.00.00.000000000 上午",444,584,0,3545,6622
3.3,411,87.5,446,"18-10月-18 12.00.00.000000000 上午",329,402,0,2437,4025
10.4,788,60.3,2869,"25-10月-18 12.00.00.000000000 上午",638,898,0,6434,11627
14.7,0,83.6,2074,"12-11月-20 12.00.00.000000000 上午",0,1320,0,9496,12890
15.4,0,82.9,2596,"13-11月-20 12.00.00.000000000 上午",0,1455,0,11080,15131
17.1,0,78,2702,"14-11月-20 12.00.00.000000000 上午",0,1499,0,11037,15238
10.9,0,82.2,1415,"15-11月-20 12.00.00.000000000 上午",0,782,0,6381,8578
2,468,93.9,684,"29-11月-18 12.00.00.000000000 上午",389,657,0,3291,5489
2.2,721,102.7,741,"23-12月-18 12.00.00.000000000 上午",459,846,0,6317,9084
21,403,38,1702,"25-12月-18 12.00.00.000000000 上午",1751,576,0,5323,9755
0.5,5,81.2,6,"27-12月-18 12.00.00.000000000 上午",39,11,0,1745,1806
2.4,985,103.2,1063,"02-1月 -19 12.00.00.000000000 上午",780,1323,0,7365,11516
1.6,565,95.9,559,"06-1月 -19 12.00.00.000000000 上午",451,709,0,5968,8252
4.3,679,92.2,778,"09-1月 -19 12.00.00.000000000 上午",438,776,0,5115,7786
2.9,118,80.2,179,"31-1月 -19 12.00.00.000000000 上午",88,135,0,1108,1628
5.1,100,74.3,474,"09-2月 -19 12.00.00.000000000 上午",142,124,0,1573,2413
1.9,267,87.9,319,"19-2月 -19 12.00.00.000000000 上午",214,350,0,1385,2535
0.4,7,81,3,"25-2月 -19 12.00.00.000000000 上午",13,2,0,1956,1981
0.1,2,14.5,1,"10-3月 -19 12.00.00.000000000 上午",0,3,0,6,12
2.2,363,83.6,369,"13-3月 -19 12.00.00.000000000 上午",316,516,0,1408,2972
2.3,439,89.2,515,"15-3月 -19 12.00.00.000000000 上午",425,690,0,1918,3987
1.9,317,79.5,313,"17-3月 -19 12.00.00.000000000 上午",237,481,0,1561,2909
0.8,62,58.6,48,"23-3月 -19 12.00.00.000000000 上午",30,68,0,229,437
3.3,458,83.9,462,"02-4月 -19 12.00.00.000000000 上午",337,638,0,1952,3847
3,537,91.8,583,"11-4月 -19 12.00.00.000000000 上午",420,821,0,2437,4798
2.3,385,87.4,471,"12-4月 -19 12.00.00.000000000 上午",328,528,0,1780,3492
1,201,85.7,177,"20-4月 -19 12.00.00.000000000 上午",180,314,0,844,1716
2.8,608,91.2,614,"21-4月 -19 12.00.00.000000000 上午",426,787,0,2719,5154
2.4,577,93.6,632,"22-4月 -19 12.00.00.000000000 上午",435,809,0,2572,5025
1.4,340,79.9,392,"23-4月 -19 12.00.00.000000000 上午",276,483,0,1495,2986
0.2,3,19.5,2,"08-5月 -19 12.00.00.000000000 上午",2,4,0,8,19
0.9,195,63.1,175,"09-5月 -19 12.00.00.000000000 上午",177,325,0,834,1706
1.5,376,99.8,395,"10-5月 -19 12.00.00.000000000 上午",353,652,0,1834,3610
2.2,118,72.5,138,"22-5月 -19 12.00.00.000000000 上午",82,179,0,542,1059
1.7,421,99.2,412,"25-5月 -19 12.00.00.000000000 上午",334,595,0,1721,3483
1.2,223,96.4,193,"02-6月 -19 12.00.00.000000000 上午",198,349,0,783,1746
1.7,226,94.3,295,"03-6月 -19 12.00.00.000000000 上午",199,319,0,944,1983
1.6,384,91.2,374,"10-6月 -19 12.00.00.000000000 上午",280,548,0,1467,3053
1.7,262,94,333,"11-6月 -19 12.00.00.000000000 上午",222,343,0,1411,2571
1.2,229,99.9,202,"16-6月 -19 12.00.00.000000000 上午",186,308,0,933,1858
1.4,374,99.6,332,"17-6月 -19 12.00.00.000000000 上午",266,485,0,1522,2979
1.2,277,97,221,"22-6月 -19 12.00.00.000000000 上午",239,407,0,995,2139
1.6,392,94.9,328,"27-6月 -19 12.00.00.000000000 上午",307,556,0,1338,2921
1.2,203,79,179,"18-7月 -19 12.00.00.000000000 上午",167,327,0,894,1770
1.7,289,92.8,263,"24-7月 -19 12.00.00.000000000 上午",202,392,0,1071,2217
1.5,198,96.2,141,"26-7月 -19 12.00.00.000000000 上午",161,288,0,800,1588
4.4,173,90,79,"20-8月 -19 12.00.00.000000000 上午",103,253,0,733,1341
1.2,229,96.2,122,"27-8月 -19 12.00.00.000000000 上午",144,285,0,893,1673
0.6,71,55.6,32,"15-9月 -19 12.00.00.000000000 上午",46,99,0,375,623
1.4,708,105,550,"15-7月 -18 12.00.00.000000000 上午",433,861,0,7037,9589
1.9,741,102.6,660,"16-7月 -18 12.00.00.000000000 上午",566,841,0,5766,8574
1.7,622,100.1,506,"03-8月 -18 12.00.00.000000000 上午",431,733,0,6515,8807
1.4,619,105.6,519,"11-8月 -18 12.00.00.000000000 上午",453,695,0,5308,7594
3.4,945,96,866,"29-8月 -18 12.00.00.000000000 上午",551,970,0,7719,11051
2.9,692,101.2,811,"03-9月 -18 12.00.00.000000000 上午",514,810,0,4535,7362
1.8,406,106.4,503,"14-9月 -18 12.00.00.000000000 上午",322,473,0,3332,5036
21,1274,47.1,4924,"07-10月-18 12.00.00.000000000 上午",1184,1386,0,8647,17415
1.8,331,81,339,"15-10月-18 12.00.00.000000000 上午",232,386,0,2214,3502
2.4,562,74.7,762,"16-10月-18 12.00.00.000000000 上午",456,693,0,3838,6311
0.5,19,46.3,20,"20-10月-18 12.00.00.000000000 上午",19,37,0,149,244
0.3,15,51.3,23,"21-10月-18 12.00.00.000000000 上午",9,16,0,112,175
2.4,693,96,943,"23-10月-18 12.00.00.000000000 上午",556,922,0,5196,8310
18.3,1576,50.3,5044,"05-11月-18 12.00.00.000000000 上午",2048,1914,0,11532,22114
1.6,90,78.2,55,"23-11月-18 12.00.00.000000000 上午",19,101,0,939,1204
0.7,116,86.3,91,"25-11月-18 12.00.00.000000000 上午",106,173,0,2103,2589
3.3,740,95.2,963,"26-11月-18 12.00.00.000000000 上午",509,884,0,4447,7543
1.6,347,89.8,412,"01-12月-18 12.00.00.000000000 上午",280,492,0,3314,4845
21.4,2784,52,8367,"11-12月-18 12.00.00.000000000 上午",2678,2890,0,21567,38286
20.4,2145,49.4,6745,"17-12月-18 12.00.00.000000000 上午",2559,2462,0,20388,34299
25.4,1572,46.2,7332,"18-12月-18 12.00.00.000000000 上午",2227,2011,0,11372,24514
0,0,0,0,"30-12月-18 12.00.00.000000000 上午",0,0,0,0,0
1.6,60,83.3,161,"17-1月 -19 12.00.00.000000000 上午",66,88,0,4158,4533
8.4,231,58.1,1310,"19-1月 -19 12.00.00.000000000 上午",389,289,0,4206,6425
3,310,85.2,318,"29-1月 -19 12.00.00.000000000 上午",201,345,0,3546,4720
1.5,45,65.4,103,"05-2月 -19 12.00.00.000000000 上午",36,65,0,750,999
2.7,121,65.4,177,"14-2月 -19 12.00.00.000000000 上午",121,168,0,1141,1728
0.6,89,67.7,101,"16-2月 -19 12.00.00.000000000 上午",86,145,0,1069,1490
0.8,96,84.4,112,"17-2月 -19 12.00.00.000000000 上午",74,138,0,1634,2054
2.8,359,85.4,389,"27-2月 -19 12.00.00.000000000 上午",294,525,0,1431,2998
14.6,1085,49.3,3115,"05-3月 -19 12.00.00.000000000 上午",1758,1322,0,7433,14713
2.1,473,93.8,474,"22-3月 -19 12.00.00.000000000 上午",416,780,0,1789,3932
3.3,516,87.6,555,"01-4月 -19 12.00.00.000000000 上午",398,673,0,2085,4227
1,387,56.2,334,"17-4月 -19 12.00.00.000000000 上午",312,587,0,1601,3221
2,541,94.7,648,"18-4月 -19 12.00.00.000000000 上午",449,841,0,2296,4775
4.8,237,85.6,258,"27-4月 -19 12.00.00.000000000 上午",183,356,0,1066,2100
0.9,211,102.6,202,"11-5月 -19 12.00.00.000000000 上午",207,318,0,1144,2082
1.4,356,72.6,450,"13-5月 -19 12.00.00.000000000 上午",268,496,0,1603,3173
1.2,297,79.4,277,"17-5月 -19 12.00.00.000000000 上午",190,413,0,1429,2606
1.2,297,101.2,272,"19-5月 -19 12.00.00.000000000 上午",261,484,0,1608,2922
1.8,545,96.3,474,"23-5月 -19 12.00.00.000000000 上午",368,666,0,2069,4122
1.7,377,94.7,342,"27-5月 -19 12.00.00.000000000 上午",294,553,0,1532,3098
1.6,240,95.7,278,"14-6月 -19 12.00.00.000000000 上午",168,341,0,1027,2054
1.5,397,96.1,324,"19-6月 -19 12.00.00.000000000 上午",307,565,0,1373,2966
1.4,318,92.7,236,"02-7月 -19 12.00.00.000000000 上午",229,490,0,1169,2442
1.3,290,92,246,"12-7月 -19 12.00.00.000000000 上午",213,465,0,1130,2344
0.8,195,62.9,122,"20-7月 -19 12.00.00.000000000 上午",148,298,0,591,1354
1.2,263,94.9,165,"25-7月 -19 12.00.00.000000000 上午",148,261,0,874,1711
0,0,9.7,0,"01-8月 -19 12.00.00.000000000 上午",0,0,0,4,4
1,122,96.5,88,"04-8月 -19 12.00.00.000000000 上午",88,199,0,529,1026
1,185,93.2,104,"21-8月 -19 12.00.00.000000000 上午",97,233,0,708,1327
2.5,138,75.5,103,"03-9月 -19 12.00.00.000000000 上午",91,169,0,570,1071
37.6,0,47.7,6162,"04-7月 -20 12.00.00.000000000 上午",0,2390,0,28074,36626
37.8,0,61.1,7225,"29-6月 -20 12.00.00.000000000 上午",0,2913,0,31840,41978
35.2,0,52.5,6503,"30-6月 -20 12.00.00.000000000 上午",0,2503,0,27880,36886
32.6,0,42.7,3116,"01-7月 -20 12.00.00.000000000 上午",0,1070,0,12627,16813
42.7,0,30.8,3932,"02-7月 -20 12.00.00.000000000 上午",0,1587,0,18395,23914
38.1,0,50.5,5433,"03-7月 -20 12.00.00.000000000 上午",0,2184,0,24342,31959
41.3,0,47.6,7063,"07-7月 -20 12.00.00.000000000 上午",0,2731,0,33415,43209
40.9,0,48.7,7698,"08-7月 -20 12.00.00.000000000 上午",0,3030,0,37206,47934
45.7,0,40.3,6518,"15-7月 -20 12.00.00.000000000 上午",0,2603,0,33523,42644
42.9,0,46.3,7122,"12-7月 -20 12.00.00.000000000 上午",0,2994,0,36288,46404
43.3,0,41.5,5568,"13-7月 -20 12.00.00.000000000 上午",0,2294,0,29592,37454
40,0,53.6,8663,"16-7月 -20 12.00.00.000000000 上午",0,3470,0,38788,50921
46.7,0,39.9,5901,"20-7月 -20 12.00.00.000000000 上午",0,2391,0,30929,39221
50,0,30,4279,"21-7月 -20 12.00.00.000000000 上午",0,1755,0,23678,29712
43.9,0,43,7738,"10-7月 -20 12.00.00.000000000 上午",0,2844,0,34927,45509
3.1,0,99.2,315,"11-3月 -21 12.00.00.000000000 上午",0,400,0,3835,4550
4.6,0,85.4,595,"12-3月 -21 12.00.00.000000000 上午",0,546,0,4812,5953
5,0,93.6,649,"14-3月 -21 12.00.00.000000000 上午",0,611,0,4987,6247
5.6,0,92.8,804,"15-3月 -21 12.00.00.000000000 上午",0,670,0,5511,6985
7.5,0,89.5,1419,"18-3月 -21 12.00.00.000000000 上午",0,1201,0,9373,11993
12.4,0,79.2,1642,"04-3月 -21 12.00.00.000000000 上午",0,1322,0,7913,10877
8.8,0,81.6,1169,"05-3月 -21 12.00.00.000000000 上午",0,1057,0,6232,8458
5.7,0,92.7,668,"13-3月 -21 12.00.00.000000000 上午",0,690,0,5756,7114
4.6,0,90.7,695,"17-3月 -21 12.00.00.000000000 上午",0,595,0,5732,7022
6.5,0,87.3,862,"08-3月 -21 12.00.00.000000000 上午",0,799,0,5470,7131
5.2,0,94.7,859,"10-3月 -21 12.00.00.000000000 上午",0,654,0,5184,6697
10.1,0,96.1,2298,"02-3月 -21 12.00.00.000000000 上午",0,1664,0,12090,16052
7.8,0,94.7,1309,"03-3月 -21 12.00.00.000000000 上午",0,1121,0,8213,10643
7.6,0,82.5,849,"06-3月 -21 12.00.00.000000000 上午",0,697,0,4550,6096
6.5,0,80.2,678,"07-3月 -21 12.00.00.000000000 上午",0,627,0,4200,5505
8.3,0,85.8,1342,"09-3月 -21 12.00.00.000000000 上午",0,1134,0,7787,10263
5.8,0,88.3,1091,"16-3月 -21 12.00.00.000000000 上午",0,914,0,6875,8880
6.3,0,91.4,912,"19-3月 -21 12.00.00.000000000 上午",0,809,0,6648,8369
11.1,0,97.6,2661,"21-3月 -21 12.00.00.000000000 上午",0,1953,0,14864,19478
6.6,0,91.8,773,"20-3月 -21 12.00.00.000000000 上午",0,789,0,6870,8432
4.8,0,85.4,572,"04-4月 -21 12.00.00.000000000 上午",0,449,0,2838,3859
6.8,0,89.5,949,"08-4月 -21 12.00.00.000000000 上午",0,1117,0,7278,9344
3.2,0,107.4,437,"24-4月 -21 12.00.00.000000000 上午",0,483,0,5695,6615
3.7,0,100.8,490,"26-4月 -21 12.00.00.000000000 上午",0,579,0,5939,7008
7.7,0,103.9,2141,"20-5月 -21 12.00.00.000000000 上午",0,1672,0,13819,17632
8.7,0,98.5,2005,"22-3月 -21 12.00.00.000000000 上午",0,1762,0,13261,17028
6.8,0,90,1171,"24-3月 -21 12.00.00.000000000 上午",0,1220,0,8765,11156
12.6,0,89.3,2837,"26-3月 -21 12.00.00.000000000 上午",0,2109,0,13591,18537
8.5,0,87.2,1687,"27-3月 -21 12.00.00.000000000 上午",0,1412,0,10201,13300
11.4,0,91.2,2797,"28-3月 -21 12.00.00.000000000 上午",0,2157,0,13403,18357
8,0,89.9,1199,"16-4月 -21 12.00.00.000000000 上午",0,1214,0,8475,10888
5.2,0,95.8,643,"29-4月 -21 12.00.00.000000000 上午",0,794,0,6322,7759
4.4,0,96.1,496,"01-5月 -21 12.00.00.000000000 上午",0,506,0,4952,5954
5.6,0,101.9,887,"10-5月 -21 12.00.00.000000000 上午",0,934,0,7736,9557
8.9,0,101.9,2347,"22-5月 -21 12.00.00.000000000 上午",0,1720,0,14149,18216
5.9,0,102.2,1106,"19-4月 -21 12.00.00.000000000 上午",0,1015,0,8415,10536
6.8,0,98.8,1283,"15-5月 -21 12.00.00.000000000 上午",0,1113,0,9916,12312
6,0,105,1400,"16-5月 -21 12.00.00.000000000 上午",0,1139,0,10315,12854
5.8,0,86.1,703,"23-3月 -21 12.00.00.000000000 上午",0,840,0,5706,7249
11,0,96.7,2715,"31-3月 -21 12.00.00.000000000 上午",0,1737,0,12116,16568
7.6,0,94.3,1314,"02-4月 -21 12.00.00.000000000 上午",0,1130,0,8516,10960
6.3,0,91.6,1108,"06-4月 -21 12.00.00.000000000 上午",0,1046,0,7976,10130
5.2,0,96,672,"12-4月 -21 12.00.00.000000000 上午",0,612,0,5287,6571
9.4,0,98.1,2194,"15-4月 -21 12.00.00.000000000 上午",0,2016,0,14008,18218
5,0,96.9,521,"03-5月 -21 12.00.00.000000000 上午",0,487,0,4705,5713
5,0,95.7,667,"04-5月 -21 12.00.00.000000000 上午",0,613,0,5610,6890
4.4,0,84.8,421,"05-4月 -21 12.00.00.000000000 上午",0,470,0,3418,4309
5.2,0,87.2,299,"17-4月 -21 12.00.00.000000000 上午",0,271,0,1933,2503
3.3,0,101.9,384,"20-4月 -21 12.00.00.000000000 上午",0,388,0,4126,4898
3.2,0,102,305,"21-4月 -21 12.00.00.000000000 上午",0,345,0,3849,4499
3.7,0,100,439,"22-4月 -21 12.00.00.000000000 上午",0,496,0,5308,6243
3.7,0,97,393,"23-4月 -21 12.00.00.000000000 上午",0,471,0,5064,5928
3.4,0,99.4,354,"25-4月 -21 12.00.00.000000000 上午",0,480,0,4851,5685
6.3,0,95.7,1041,"07-5月 -21 12.00.00.000000000 上午",0,1117,0,9589,11747
5,0,102,741,"08-5月 -21 12.00.00.000000000 上午",0,807,0,7707,9255
4.8,0,104,800,"12-5月 -21 12.00.00.000000000 上午",0,852,0,8264,9916
7.6,0,96.7,1386,"14-5月 -21 12.00.00.000000000 上午",0,1384,0,11516,14286
8.6,0,103,2433,"21-5月 -21 12.00.00.000000000 上午",0,1748,0,14262,18443
10.3,0,86.9,2433,"25-3月 -21 12.00.00.000000000 上午",0,1836,0,11139,15408
17.5,0,91.4,5431,"29-3月 -21 12.00.00.000000000 上午",0,3313,0,20277,29021
7.1,0,91.6,896,"10-4月 -21 12.00.00.000000000 上午",0,785,0,5828,7509
5.7,0,95.1,928,"11-4月 -21 12.00.00.000000000 上午",0,1007,0,7266,9201
7.3,0,93.5,1331,"13-4月 -21 12.00.00.000000000 上午",0,1263,0,9484,12078
7.9,0,98.7,611,"18-4月 -21 12.00.00.000000000 上午",0,582,0,4281,5474
5.6,0,90.1,603,"28-4月 -21 12.00.00.000000000 上午",0,757,0,5372,6732
3,0,96.2,263,"30-4月 -21 12.00.00.000000000 上午",0,380,0,4331,4974
5.2,0,89.2,498,"02-5月 -21 12.00.00.000000000 上午",0,594,0,5156,6248
4,0,91.7,412,"05-5月 -21 12.00.00.000000000 上午",0,467,0,4138,5017
4.8,0,102.6,863,"09-5月 -21 12.00.00.000000000 上午",0,831,0,7667,9361
4.2,0,104.6,726,"11-5月 -21 12.00.00.000000000 上午",0,697,0,7108,8531
9.9,0,100.6,2763,"18-5月 -21 12.00.00.000000000 上午",0,2018,0,14570,19351
9.4,0,96.7,2380,"23-5月 -21 12.00.00.000000000 上午",0,1815,0,13393,17588
12.2,0,96.8,3469,"30-3月 -21 12.00.00.000000000 上午",0,2392,0,15551,21412
9.1,0,93.6,2097,"01-4月 -21 12.00.00.000000000 上午",0,1496,0,10321,13914
5.2,0,91,799,"03-4月 -21 12.00.00.000000000 上午",0,762,0,6715,8276
6.8,0,93.7,1112,"07-4月 -21 12.00.00.000000000 上午",0,1154,0,8964,11230
9.2,0,83,1351,"09-4月 -21 12.00.00.000000000 上午",0,1184,0,7447,9982
5.5,0,96.3,858,"14-4月 -21 12.00.00.000000000 上午",0,916,0,7798,9572
5.9,0,85.9,553,"27-4月 -21 12.00.00.000000000 上午",0,635,0,4542,5730
5.8,0,97.9,862,"06-5月 -21 12.00.00.000000000 上午",0,1041,0,9494,11397
5.9,0,101.6,853,"13-5月 -21 12.00.00.000000000 上午",0,1084,0,8682,10619
8.2,0,101.2,2067,"17-5月 -21 12.00.00.000000000 上午",0,1711,0,13091,16869
8.6,0,102.2,2226,"19-5月 -21 12.00.00.000000000 上午",0,1663,0,13140,17029
15.7,0,95.3,4885,"28-5月 -21 12.00.00.000000000 上午",0,2747,0,18614,26246
11,0,97.6,3160,"31-5月 -21 12.00.00.000000000 上午",0,2154,0,15424,20738
12.4,0,100.6,3865,"30-5月 -21 12.00.00.000000000 上午",0,2313,0,16573,22751
10.7,0,87.7,1819,"01-6月 -21 12.00.00.000000000 上午",0,1474,0,9926,13219
12.1,0,87.7,2271,"25-5月 -21 12.00.00.000000000 上午",0,1870,0,12686,16827
15.4,0,94.4,4830,"27-5月 -21 12.00.00.000000000 上午",0,2734,0,18170,25734
12.2,0,99.1,3562,"29-5月 -21 12.00.00.000000000 上午",0,2131,0,16763,22456
10.3,0,95.4,2317,"24-5月 -21 12.00.00.000000000 上午",0,1910,0,13909,18136
10.9,0,94.4,3144,"26-5月 -21 12.00.00.000000000 上午",0,1835,0,13063,18042
6.4,0,83.7,719,"24-6月 -21 12.00.00.000000000 上午",0,708,0,4522,5949
10.9,0,96.6,2676,"21-6月 -21 12.00.00.000000000 上午",0,2064,0,14185,18925
14,0,92.6,3215,"07-7月 -21 12.00.00.000000000 上午",0,2228,0,15064,20507
10,0,93.5,2060,"26-6月 -21 12.00.00.000000000 上午",0,1507,0,11034,14601
8.4,0,88.2,1288,"23-6月 -21 12.00.00.000000000 上午",0,1103,0,8345,10736
8,0,100.5,1846,"27-6月 -21 12.00.00.000000000 上午",0,1422,0,11629,14897
8.6,0,94.8,858,"28-6月 -21 12.00.00.000000000 上午",0,720,0,5345,6923
12.8,0,100.3,3411,"02-7月 -21 12.00.00.000000000 上午",0,2174,0,15908,21493
16.3,0,94.9,4913,"03-7月 -21 12.00.00.000000000 上午",0,2932,0,19686,27531
12.5,0,84.8,2077,"06-7月 -21 12.00.00.000000000 上午",0,1656,0,10917,14650
9.7,0,89.7,1642,"22-6月 -21 12.00.00.000000000 上午",0,1325,0,9906,12873
7.3,0,82.7,1095,"25-6月 -21 12.00.00.000000000 上午",0,953,0,6958,9006
15.9,0,88.4,3366,"04-7月 -21 12.00.00.000000000 上午",0,2334,0,16497,22197
8.1,0,91.4,1249,"05-7月 -21 12.00.00.000000000 上午",0,1271,0,9517,12037
